0.3,8.107134
0.30010012,8.164297
0.30020022,8.220789
0.3003003,8.281314
0.3004004,8.335115
0.3005005,8.396987
0.30060062,8.456167
0.30070072,8.515348
0.3008008,8.578565
0.3009009,8.636401
0.301001,8.704997
0.30110112,8.765523
0.30120122,8.830085
0.3013013,8.893301
0.3014014,8.957862
0.3015015,9.026458
0.30160162,9.09102
0.30170172,9.151546
0.3018018,9.225521
0.3019019,9.292773
0.302002,9.358679
0.30210212,9.42593
0.30220222,9.499907
0.3023023,9.573883
0.3024024,9.642479
0.3025025,9.715111
0.30260262,9.785725
0.30270272,9.861382
0.3028028,9.934013
0.3029029,10.009166
0.303003,10.082512
0.30310312,10.161995
0.30320323,10.236644
0.3033033,10.317009
0.3034034,10.39233
0.3035035,10.473368
0.30360362,10.5550785
0.30370373,10.637797
0.3038038,10.713119
0.3039039,10.801218
0.304004,10.882592
0.30410412,10.967328
0.30420423,11.05072
0.3043043,11.142854
0.3044044,11.227591
0.3045045,11.317035
0.30460462,11.40715
0.30470473,11.495922
0.3048048,11.587384
0.3049049,11.68019
0.305005,11.770308
0.30510512,11.867148
0.30520523,11.961301
0.3053053,12.055452
0.3054054,12.153639
0.3055055,12.250482
0.30560562,12.350013
0.30570573,12.45358
0.3058058,12.554457
0.3059059,12.6553335
0.306006,12.75621
0.30610612,12.861122
0.30620623,12.96738
0.30630633,13.0696
0.3064064,13.175858
0.3065065,13.28615
0.30660662,13.401822
0.30670673,13.512114
0.30680683,13.621061
0.3069069,13.7367325
0.307007,13.85375
0.30710712,13.968077
0.30720723,14.08375
0.30730733,14.204802
0.3074074,14.328545
0.30750751,14.45363
0.30760762,14.574011
0.30770773,14.699098
0.30780783,14.824858
0.3079079,14.951289
0.30800802,15.083775
0.30810812,15.214914
0.30820823,15.348745
0.30830833,15.482239
0.3084084,15.619767
0.30850852,15.755279
0.30860862,15.894152
0.30870873,16.032017
0.30880883,16.175936
0.3089089,16.321198
0.30900902,16.466124
0.30910912,16.613235
0.30920923,16.766064
0.30930933,16.914858
0.3094094,17.066677
0.30950952,17.223204
0.30960962,17.380236
0.30970973,17.537436
0.30980983,17.696316
0.3099099,17.856205
0.31001002,18.026857
0.31011012,18.190529
0.31021023,18.360842
0.31031033,18.52956
0.3104104,18.70189
0.31051052,18.876282
0.31061062,19.05412
0.31071073,19.231703
0.31081083,19.415678
0.3109109,19.597929
0.31101102,19.787031
0.31111112,19.97487
0.31121123,20.165655
0.31131133,20.355135
0.3114114,20.554241
0.31151152,20.751078
0.31161162,20.953293
0.31171173,21.15614
0.31181183,21.365166
0.3119119,21.573307
0.31201202,21.7862
0.31211212,21.999344
0.31221223,22.214127
0.31231233,22.436056
0.3124124,22.658867
0.31251252,22.883905
0.31261262,23.11378
0.31271273,23.34962
0.31281283,23.582857
0.3129129,23.820887
0.31301302,24.062275
0.31311312,24.308035
0.31321323,24.55342
0.31331334,24.807207
0.3134134,25.061794
0.31351352,25.32332
0.31361362,25.58358
0.31371373,25.850275
0.31381384,26.122095
0.3139139,26.393833
0.31401402,26.669226
0.31411412,26.95105
0.31421423,27.238424
0.31431434,27.528402
0.3144144,27.81859
0.31451452,28.12118
0.31461462,28.418514
0.31471473,28.7285
0.31481484,29.03979
0.3149149,29.355406
0.31501502,29.674261
0.31511512,29.998917
0.31521523,30.325968
0.31531534,30.664242
0.3154154,30.999783
0.31551552,31.347347
0.31561562,31.696253
0.31571573,32.05134
0.31581584,32.41315
0.31591594,32.77967
0.31601602,33.148293
0.31611612,33.52515
0.31621623,33.908146
0.31631634,34.299046
0.31641644,34.692547
0.31651652,35.092358
0.31661662,35.497883
0.31671673,35.91282
0.31681684,36.329105
0.31691694,36.756824
0.31701702,37.19093
0.31711712,37.63109
0.31721723,38.082344
0.31731734,38.532593
0.31741744,38.99629
0.31751752,39.46234
0.31761762,39.937134
0.31771773,40.42403
0.31781784,40.91362
0.31791794,41.415653
0.31801802,41.922726
0.31811813,42.44123
0.31821823,42.966465
0.31831834,43.49943
0.31841844,44.04551
0.31851852,44.598316
0.31861863,45.160534
0.31871873,45.72948
0.31881884,46.31188
0.31891894,46.900997
0.31901902,47.50155
0.31911913,48.114883
0.31921923,48.737625
0.31931934,49.37248
0.31941944,50.013382
0.31951952,50.671772
0.31961963,51.335545
0.31971973,52.01747
0.31981984,52.704777
0.31991994,53.410915
0.32002002,54.126698
0.32012013,54.85459
0.32022023,55.60072
0.32032034,56.355682
0.32042044,57.123596
0.32052052,57.909756
0.32062063,58.709827
0.32072073,59.524048
0.32082084,60.35422
0.32092094,61.205227
0.32102102,62.06105
0.32112113,62.934418
0.32122123,63.824947
0.32132134,64.7417
0.32142144,65.6658
0.32152152,66.61351
0.32162163,67.58081
0.32172173,68.568596
0.32182184,69.572495
0.32192194,70.58847
0.32202202,71.63584
0.32212213,72.70237
0.32222223,73.78554
0.32232234,74.897705
0.32242244,76.03021
0.32252252,77.18533
0.32262263,78.36397
0.32272273,79.56426
0.32282284,80.79188
0.32292295,82.04659
0.32302302,83.32645
0.32312313,84.63355
0.32322323,85.96866
0.32332334,87.33303
0.32342345,88.72515
0.32352352,90.14817
0.32362363,91.60168
0.32372373,93.08818
0.32382384,94.60844
0.32392395,96.15984
0.32402402,97.746284
0.32412413,99.36726
0.32422423,101.02954
0.32432434,102.726944
0.32442445,104.463036
0.32452452,106.24269
0.32462463,108.05927
0.32472473,109.91713
0.32482484,111.818344
0.32492495,113.76548
0.32502502,115.75802
0.32512513,117.80779
0.32522523,119.89615
0.32532534,122.039185
0.32542545,124.23439
0.32552552,126.4813
0.32562563,128.78598
0.32572573,131.14586
0.32582584,133.56685
0.32592595,136.04681
0.32602602,138.5932
0.32612613,141.20183
0.32622623,143.88036
0.32632634,146.62492
0.32642645,149.44357
0.32652652,152.3351
0.32662663,155.30629
0.32672673,158.35591
0.32682684,161.49013
0.32692695,164.70424
0.32702702,168.0053
0.32712713,171.39922
0.32722723,174.89087
0.32732734,178.47305
0.32742745,182.16684
0.32752752,185.95738
0.32762763,189.8562
0.32772774,193.86949
0.32782784,198.00275
0.32792795,202.25287
0.32802802,206.63399
0.32812813,211.14049
0.32822824,215.78865
0.32832834,220.56956
0.32842845,225.50749
0.32852852,230.59294
0.32862863,235.83925
0.32872874,241.24573
0.32882884,246.83078
0.32892895,252.59215
0.32902902,258.5406
0.32912913,264.67862
0.32922924,271.02933
0.32932934,277.58487
0.32942945,284.3635
0.32952952,291.37286
0.32962963,298.62357
0.32972974,306.12457
0.32982984,313.89398
0.32992995,321.9341
0.33003002,330.26938
0.33013013,338.9004
0.33023024,347.84863
0.33033034,357.1299
0.33043045,366.76492
0.33053055,376.7562
0.33063063,387.1401
0.33073074,397.9218
0.33083084,409.13718
0.33093095,420.79532
0.33103105,432.92685
0.33113113,445.5495
0.33123124,458.70087
0.33133134,472.40356
0.33143145,486.69226
0.33153152,501.59613
0.33163163,517.159
0.33173174,533.4111
0.33183184,550.4031
0.33193195,568.1708
0.33203202,586.7713
0.33213213,606.253
0.33223224,626.67163
0.33233234,648.09766
0.33243245,670.5918
0.33253255,694.22845
0.33263263,719.0945
0.33273274,745.26984
0.33283284,772.85736
0.33293295,801.96545
0.33303306,832.70374
0.33313313,865.21295
0.33323324,899.6317
0.33333334,936.12445
0.33343345,974.8742
0.33353356,1016.0673
0.33363363,1059.953
0.33373374,1106.771
0.33383384,1156.8218
0.33393395,1210.4331
0.33403406,1267.9894
0.33413413,1329.9412
0.33423424,1396.7886
0.33433434,1469.142
0.33443445,1547.6975
0.33453456,1633.296
0.33463463,1726.9108
0.33473474,1829.73
0.33483484,1943.1351
0.33493495,2068.794
0.33503506,2208.6633
0.33513513,2365.0742
0.33523524,2540.741
0.33533534,2738.8372
0.33543545,2962.998
0.33553556,3217.389
0.33563563,3506.6472
0.33573574,3835.9333
0.33583584,4210.811
0.33593595,4637.2188
0.33603606,5121.2744
0.33613613,5669.1387
0.33623624,6286.7266
0.33633634,6979.4497
0.33643645,7751.8257
0.33653656,8607.135
0.33663666,9546.977
0.33673674,10570.886
0.33683684,11675.964
0.33693695,12856.55
0.33703706,14104.065
0.33713716,15406.9
0.33723724,16750.537
0.33733734,18117.86
0.33743745,19489.607
0.33753756,20845.082
0.33763766,22162.992
0.33773774,23422.463
0.33783785,24604.127
0.33793795,25691.252
0.33803806,26670.875
0.33813816,27534.764
0.33823824,28280.383
0.33833835,28911.49
0.33843845,29438.666
0.33853856,29879.46
0.33863866,30258.387
0.33873874,30606.56
0.33883885,30961.205
0.33893895,31364.84
0.33903906,31864.373
0.33913916,32509.932
0.33923924,33353.594
0.33933935,34447.918
0.33943945,35844.324
0.33953956,37591.27
0.33963966,39732.203
0.33973974,42303.336
0.33983985,45331.105
0.33993995,48829.582
0.34004006,52797.703
0.34014016,57216.61
0.34024024,62047.195
0.34034035,67228.164
0.34044045,72674.76
0.34054056,78278.65
0.34064066,83908.94
0.34074074,89414.71
0.34084085,94629.14
0.34094095,99375.086
0.34104106,103472.16
0.34114116,106744.79
0.34124124,109031.07
0.34134135,110191.6
0.34144145,110117.85
0.34154156,108739.375
0.34164166,106029.234
0.34174174,102007.19
0.34184185,96740.11
0.34194195,90339.92
0.34204206,82958.46
0.34214216,74780.1
0.34224224,66012.41
0.34234235,56875.45
0.34244245,47590.547
0.34254256,38369.3
0.34264266,29403.535
0.34274274,20856.967
0.34284285,12858.901
0.34294295,5500.462
0.34304306,-1166.6848
0.34314317,-7129.1133
0.34324324,-12408.253
0.34334335,-17055.225
0.34344345,-21144.406
0.34354356,-24766.29
0.34364367,-28020.084
0.34374374,-31006.799
0.34384385,-33822.84
0.34394395,-36554.812
0.34404406,-39275.48
0.34414417,-42041.07
0.34424424,-44889.883
0.34434435,-47842.1
0.34444445,-50900.645
0.34454456,-54052.88
0.34464467,-57272.883
0.34474474,-60524.188
0.34484485,-63762.63
0.34494495,-66939.26
0.34504506,-70003.02
0.34514517,-72903.33
0.34524524,-75592.125
0.34534535,-78025.695
0.34544545,-80165.984
0.34554556,-81981.58
0.34564567,-83448.18
0.34574574,-84548.77
0.34584585,-85273.54
0.34594595,-85619.33
0.34604606,-85589.04
0.34614617,-85190.82
0.34624624,-84437.18
0.34634635,-83344.12
0.34644645,-81930.24
0.34654656,-80216.1
0.34664667,-78223.62
0.34674674,-75975.664
0.34684685,-73495.85
0.34694695,-70808.5
0.34704706,-67938.59
0.34714717,-64911.977
0.34724724,-61755.41
0.34734735,-58496.637
0.34744745,-55164.355
0.34754756,-51788.062
0.34764767,-48397.676
0.34774774,-45023.168
0.34784785,-41693.887
0.34794796,-38437.953
0.34804806,-35281.527
0.34814817,-32248.172
0.34824824,-29358.23
0.34834835,-26628.36
0.34844846,-24071.215
0.34854856,-21695.361
0.34864867,-19505.26
0.34874874,-17501.553
0.34884885,-15681.383
0.34894896,-14038.897
0.34904906,-12565.788
0.34914917,-11251.85
0.34924924,-10085.562
0.34934935,-9054.614
0.34944946,-8146.3784
0.34954956,-7348.2993
0.34964967,-6648.2217
0.34974974,-6034.6343
0.34984985,-5496.85
0.34994996,-5025.0776
0.35005006,-4610.527
0.35015017,-4245.3643
0.35025024,-3922.7102
0.35035035,-3636.6
0.35045046,-3381.874
0.35055056,-3154.135
0.35065067,-2949.6482
0.35075074,-2765.2424
0.35085085,-2598.257
0.35095096,-2446.4368
0.35105106,-2307.893
0.35115117,-2181.0164
0.35125124,-2064.462
0.35135135,-1957.0603
0.35145146,-1857.8376
0.35155156,-1765.9269
0.35165167,-1680.604
0.35175174,-1601.2224
0.35185185,-1527.2283
0.35195196,-1458.1227
0.35205206,-1393.4812
0.35215217,-1332.9105
0.35225224,-1276.0724
0.35235235,-1222.6625
0.35245246,-1172.4027
0.35255256,-1125.0497
0.35265267,-1080.3877
0.35275277,-1038.204
0.35285285,-998.3278
0.35295296,-960.59094
0.35305306,-924.83954
0.35315317,-890.942
0.35325328,-858.7716
0.35335335,-828.2103
0.35345346,-799.1591
0.35355356,-771.5229
0.35365367,-745.202
0.35375378,-720.125
0.35385385,-696.2098
0.35395396,-673.3876
0.35405406,-651.60284
0.35415417,-630.77673
0.35425428,-610.8717
0.35435435,-591.83246
0.35445446,-573.60675
0.35455456,-556.1495
0.35465467,-539.41327
0.35475478,-523.37427
0.35485485,-507.9881
0.35495496,-493.21588
0.35505506,-479.02963
0.35515517,-465.40775
0.35525528,-452.30557
0.35535535,-439.7159
0.35545546,-427.59616
0.35555556,-415.93677
0.35565567,-404.70862
0.35575578,-393.88962
0.35585585,-383.46527
0.35595596,-373.4214
0.35605606,-363.72696
0.35615617,-354.3797
0.35625628,-345.3572
0.35635635,-336.646
0.35645646,-328.23456
0.35655656,-320.10742
0.35665667,-312.25064
0.35675678,-304.6591
0.35685688,-297.31647
0.35695696,-290.21378
0.35705706,-283.33783
0.35715717,-276.6841
0.35725728,-270.24347
0.35735738,-264.00473
0.35745746,-257.96036
0.35755756,-252.10272
0.35765767,-246.42894
0.35775778,-240.92288
0.35785788,-235.5823
0.35795796,-230.40578
0.35805807,-225.38258
0.35815817,-220.50287
0.35825828,-215.77112
0.35835838,-211.17053
0.35845846,-206.70619
0.35855857,-202.36807
0.35865867,-198.15323
0.35875878,-194.05367
0.35885888,-190.07196
0.35895896,-186.1976
0.35905907,-182.43364
0.35915917,-178.76894
0.35925928,-175.2044
0.35935938,-171.73213
0.35945946,-168.35924
0.35955957,-165.0695
0.35965967,-161.86684
0.35975978,-158.75055
0.35985988,-155.71571
0.35995996,-152.75256
0.36006007,-149.87337
0.36016017,-147.06227
0.36026028,-144.32379
0.36036038,-141.65796
0.36046046,-139.05399
0.36056057,-136.51189
0.36066067,-134.03436
0.36076078,-131.61331
0.36086088,-129.2622
0.36096096,-126.94877
0.36106107,-124.716034
0.36116117,-122.51557
0.36126128,-120.37968
0.36136138,-118.28143
0.36146146,-116.237
0.36156157,-114.24636
0.36166167,-112.288
0.36176178,-110.39421
0.36186188,-108.538086
0.36196196,-106.70885
0.36206207,-104.936104
0.36216217,-103.19565
0.36226228,-101.49554
0.36236238,-99.833084
0.36246246,-98.2083
0.36256257,-96.610405
0.36266267,-95.06362
0.36276278,-93.53904
0.36286288,-92.04943
0.36296296,-90.59092
0.36306307,-89.16536
0.36316317,-87.76754
0.36326328,-86.40234
0.3633634,-85.0627
0.36346346,-83.75264
0.36356357,-82.46613
0.36366367,-81.21122
0.36376378,-79.97784
0.3638639,-78.77135
0.36396396,-77.58772
0.36406407,-76.43369
0.36416417,-75.294464
0.36426428,-74.184814
0.3643644,-73.08862
0.36446446,-72.026054
0.36456457,-70.97155
0.36466467,-69.94664
0.36476478,-68.932495
0.3648649,-67.94794
0.36496496,-66.97952
0.36506507,-66.027245
0.36516517,-65.099174
0.36526528,-64.179184
0.3653654,-63.272636
0.36546546,-62.401054
0.36556557,-61.52948
0.36566567,-60.684807
0.36576578,-59.8482
0.3658659,-59.03312
0.36596596,-58.228794
0.36606607,-57.440605
0.36616617,-56.66587
0.36626628,-55.90728
0.3663664,-55.159447
0.36646646,-54.42237
0.36656657,-53.70413
0.36666667,-52.99934
0.36676678,-52.3053
0.3668669,-51.622032
0.36696696,-50.94683
0.36706707,-50.293148
0.36716717,-49.647537
0.36726728,-49.007305
0.3673674,-48.383213
0.36746746,-47.769882
0.36756757,-47.164623
0.36766768,-46.567432
0.36776778,-45.98638
0.3678679,-45.40802
0.36796796,-44.847145
0.36806807,-44.28896
0.36816818,-43.74423
0.36826828,-43.207558
0.3683684,-42.67762
0.36846846,-42.15575
0.36856857,-41.64733
0.36866868,-41.142277
0.36876878,-40.64865
0.3688689,-40.159065
0.36896896,-39.68158
0.36906907,-39.209476
0.36916918,-38.7441
0.36926928,-38.29015
0.3693694,-37.838223
0.36946946,-37.397728
0.36956957,-36.962948
0.36966968,-36.534897
0.36976978,-36.10953
0.3698699,-35.696945
0.36996996,-35.28167
0.37007007,-34.883877
0.37017018,-34.48743
0.37027028,-34.09569
0.3703704,-33.713203
0.37047046,-33.333233
0.37057057,-32.960155
0.37067068,-32.59179
0.37077078,-32.22594
0.3708709,-31.87346
0.37097096,-31.522915
0.37107107,-31.175476
0.37117118,-30.834682
0.37127128,-30.497334
0.3713714,-30.168055
0.37147146,-29.841295
0.37157157,-29.517567
0.37167168,-29.20367
0.37177178,-28.889357
0.3718719,-28.582943
0.37197196,-28.277203
0.37207207,-27.975664
0.37217218,-27.680727
0.37227228,-27.389277
0.3723724,-27.104006
0.37247247,-26.81928
0.37257257,-26.539808
0.37267268,-26.265467
0.37277278,-25.994148
0.3728729,-25.725819
0.37297297,-25.46148
0.37307307,-25.198904
0.37317318,-24.94482
0.37327328,-24.692083
0.3733734,-24.440353
0.3734735,-24.193163
0.37357357,-23.952362
0.37367368,-23.711685
0.37377378,-23.475782
0.3738739,-23.23849
0.373974,-23.014688
0.37407407,-22.783072
0.37417418,-22.56133
0.37427428,-22.338606
0.3743744,-22.121593
0.3744745,-21.900946
0.37457457,-21.692425
0.37467468,-21.477936
0.37477478,-21.277863
0.3748749,-21.068987
0.374975,-20.870342
0.37507507,-20.669893
0.37517518,-20.471123
0.37527528,-20.27477
0.3753754,-20.086193
0.3754755,-19.890745
0.37557557,-19.709208
0.37567568,-19.521955
0.37577578,-19.34084
0.3758759,-19.159555
0.375976,-18.983086
0.37607607,-18.805162
0.37617618,-18.633883
0.37627628,-18.457222
0.3763764,-18.29044
0.3764765,-18.121616
0.37657657,-17.95973
0.37667668,-17.792791
0.37677678,-17.630253
0.3768769,-17.469637
0.376977,-17.315937
0.37707707,-17.156761
0.37717718,-17.00801
0.37727728,-16.851967
0.3773774,-16.708565
0.3774775,-16.555737
0.37757757,-16.407173
0.37767768,-16.265062
0.37777779,-16.12
0.3778779,-15.976924
0.377978,-15.842609
0.37807807,-15.704273
0.37817818,-15.569759
0.3782783,-15.429804
0.3783784,-15.2992735
0.3784785,-15.16497
0.37857857,-15.034945
0.37867868,-14.910739
0.3787788,-14.780189
0.3788789,-14.654192
0.378979,-14.532478
0.37907907,-14.405279
0.37917918,-14.286432
0.3792793,-14.164267
0.3793794,-14.043971
0.3794795,-13.927869
0.37957957,-13.812001
0.37967968,-13.695152
0.3797798,-13.57935
0.3798799,-13.466824
0.37998,-13.35525
0.38008007,-13.247374
0.38018018,-13.14001
0.3802803,-13.0280075
0.3803804,-12.927539
0.3804805,-12.821186
0.38058057,-12.719632
0.38068068,-12.615848
0.3807808,-12.5154505
0.3808809,-12.417555
0.380981,-12.313595
0.38108107,-12.21983
0.38118118,-12.114018
0.3812813,-12.0226755
0.3813814,-11.92798
0.3814815,-11.824476
0.3815816,-11.739209
0.38168168,-11.641253
0.3817818,-11.553019
0.3818819,-11.462064
0.381982,-11.372433
0.3820821,-11.284609
0.38218218,-11.194411
0.3822823,-11.107409
0.3823824,-11.022508
0.3824825,-10.936419
0.3825826,-10.855465
0.38268268,-10.769772
0.3827828,-10.686912
0.3828829,-10.606488
0.382983,-10.524259
0.3830831,-10.446005
0.38318318,-10.368372
0.3832833,-10.288847
0.3833834,-10.21135
0.3834835,-10.136733
0.3835836,-10.057362
0.38368368,-9.981567
0.3837838,-9.909193
0.3838839,-9.838274
0.383984,-9.762202
0.3840841,-9.690238
0.38418418,-9.619166
0.3842843,-9.549068
0.3843844,-9.473715
0.3844845,-9.406133
0.3845846,-9.335041
0.38468468,-9.272624
0.3847848,-9.2044
0.3848849,-9.131118
0.384985,-9.071474
0.3850851,-9.000745
0.38518518,-8.933456
0.3852853,-8.872463
0.3853854,-8.8069725
0.3854855,-8.7506075
0.3855856,-8.67868
0.38568568,-8.621527
0.3857858,-8.557659
0.3858859,-8.498415
0.385986,-8.430906
0.3860861,-8.376018
0.38618618,-8.316117
0.3862863,-8.258859
0.3863864,-8.197713
0.3864865,-8.146082
0.3865866,-8.083927
0.38668668,-8.028817
0.3867868,-7.9687386
0.3868869,-7.9179373
0.386987,-7.8528824
0.3870871,-7.8021545
0.38718718,-7.7393436
0.3872873,-7.688211
0.3873874,-7.628074
0.3874875,-7.570574
0.3875876,-7.5103216
0.38768768,-7.4520755
0.3877878,-7.389931
0.3878879,-7.332116
0.387988,-7.2660313
0.3880881,-7.207239
0.38818818,-7.14065
0.3882883,-7.077203
0.3883884,-7.0092893
0.3884885,-6.9430466
0.3885886,-6.8696694
0.38868868,-6.8031435
0.3887888,-6.724596
0.3888889,-6.659205
0.388989,-6.5791545
0.3890891,-6.5099072
0.38918918,-6.4299307
0.3892893,-6.3547773
0.3893894,-6.272626
0.3894895,-6.194625
0.3895896,-6.1153946
0.38968968,-6.033527
0.3897898,-5.9509654
0.3898899,-5.8714724
0.38999,-5.7860107
0.3900901,-5.6970077
0.39019018,-5.6131124
0.3902903,-5.521304
0.3903904,-5.43022
0.3904905,-5.3330846
0.3905906,-5.235024
0.39069068,-5.1288295
0.3907908,-5.0233083
0.3908909,-4.9090443
0.390991,-4.7876983
0.3910911,-4.658008
0.39119118,-4.5220137
0.3912913,-4.3771505
0.3913914,-4.2251205
0.3914915,-4.064495
0.3915916,-3.8929205
0.39169168,-3.7119727
0.3917918,-3.5247202
0.3918919,-3.327422
0.391992,-3.12136
0.3920921,-2.9066186
0.39219218,-2.6883042
0.3922923,-2.4600284
0.3923924,-2.2346528
0.3924925,-1.9989372
0.3925926,-1.7656597
0.3926927,-1.5228198
0.3927928,-1.2874404
0.3928929,-1.0449578
0.392993,-0.8093684
0.3930931,-0.56944966
0.3931932,-0.33705467
0.3932933,-0.10007821
0.3933934,0.12878607
0.3934935,0.36130717
0.3935936,0.5892888
0.3936937,0.81416
0.3937938,1.0376441
0.3938939,1.262011
0.393994,1.4770468
0.3940941,1.6951089
0.3941942,1.9083372
0.3942943,2.1225743
0.3943944,2.3295822
0.3944945,2.540583
0.3945946,2.7412436
0.3946947,2.9444263
0.3947948,3.1388662
0.3948949,3.3401997
0.394995,3.5283349
0.3950951,3.71605
0.39519522,3.894518
0.3952953,4.0752554
0.3953954,4.2465777
0.3954955,4.416387
0.3955956,4.576613
0.39569572,4.7370076
0.3957958,4.8852963
0.3958959,5.033585
0.395996,5.17145
0.3960961,5.307802
0.39619622,5.4342346
0.3962963,5.5579767
0.3963964,5.678356
0.3964965,5.7943645
0.3965966,5.8982677
0.39669672,6.0004897
0.3967968,6.0956497
0.3968969,6.191147
0.396997,6.280591
0.3970971,6.366
0.39719722,6.443339
0.3972973,6.522695
0.3973974,6.5939813
0.3974975,6.6659403
0.3975976,6.725794
0.39769772,6.79708
0.3977978,6.8555884
0.3978979,6.91746
0.397998,6.975296
0.3980981,7.0331316
0.39819822,7.0882783
0.3982983,7.1420794
0.3983984,7.19857
0.3984985,7.2483363
0.3985986,7.2994466
0.39869872,7.354593
0.3987988,7.407049
0.3988989,7.4568143
0.398999,7.513306
0.3990991,7.5644164
0.39919922,7.6155276
0.3992993,7.669328
0.3993994,7.7204394
0.3994995,7.778276
0.3995996,7.828041
0.39969972,7.881842
0.3997998,7.9410233
0.3998999,7.9948244
0.4,8.051315
