wave_number,kappa,plane_helicity_-1,plane_helicity_1,twisted__helicity_-1_momentum_0,twisted__helicity_1_momentum_0,twisted__helicity_-1_momentum_1,twisted__helicity_1_momentum_1
0.0,0.0,0.0003271191,0.0005731442,0.0,7.935589e-06,0.0,0.0005572146
0.1001694,0.032939356,0.00040233342,0.0007058915,0.0,9.822461e-06,0.0,0.0006861739
0.2003388,0.06587871,0.00049240026,0.00086496305,0.0,1.2087718e-05,0.0,0.00084069755
0.3005082,0.09881807,0.0006000779,0.0010554261,0.0,1.48145e-05,0.0,0.001025686
0.4006776,0.13175742,0.00072816364,0.001282317,0.0,1.807905e-05,0.0,0.0012460225
0.500847,0.16469677,0.00087995,0.0015516664,0.0,2.1979107e-05,0.0,0.0015075415
0.6010164,0.19763614,0.0010588173,0.0018695539,0.0,2.6605943e-05,0.0,0.0018161394
0.7011858,0.23057552,0.0012686525,0.0022430844,0.0,3.2073065e-05,0.0,0.0021786925
0.8013552,0.26351485,0.0015136271,0.0026798695,0.0,3.850099e-05,0.0,0.0026025705
0.9015246,0.2964542,0.0017983749,0.0031884748,0.0,4.603213e-05,0.0,0.0030960538
1.001694,0.32939354,0.0021277044,0.0037777263,0.0,5.4808508e-05,0.0,0.0036676817
1.1018634,0.3623329,0.002506806,0.004457243,0.0,6.499023e-05,0.0,0.0043267515
1.2020328,0.39527228,0.0029412787,0.0052375486,0.0,7.6762124e-05,0.0,0.005083418
1.3022022,0.42821163,0.0034366283,0.006128835,0.0,9.029095e-05,0.0,0.0059475354
1.4023716,0.46115103,0.0039989688,0.0071428213,0.0,0.00010579596,0.0,0.006930382
1.502541,0.49409032,0.004633965,0.00829005,0.0,0.00012345053,0.0,0.008042153
1.6027104,0.5270297,0.005347729,0.009582336,0.0,0.00014347932,0.0,0.009294214
1.7028798,0.55996907,0.006146308,0.011031517,0.0,0.00016611569,0.0,0.010697927
1.8030492,0.5929084,0.007035261,0.012648381,0.0,0.00019156247,0.0,0.012263682
1.9032186,0.6258478,0.008020122,0.014444056,0.0,0.00022005472,0.0,0.014002121
2.003388,0.6587871,0.009105684,0.016428158,0.0,0.0002517881,0.0,0.01592248
2.1035573,0.6917265,0.010296478,0.018610263,0.0,0.00028698894,0.0,0.018033873
2.2037268,0.7246658,0.011596196,0.020998428,0.0,0.000325858,0.0,0.02034395
2.3038962,0.7576052,0.013007627,0.023599142,0.0,0.00036857507,0.0,0.022858841
2.4040656,0.79054457,0.014532627,0.026417384,0.0,0.00041530843,0.0,0.025583187
2.5042353,0.82348394,0.016171992,0.029456414,0.0,0.00046621557,0.0,0.02851993
2.6044044,0.85642326,0.017925158,0.032717012,0.0,0.0005214118,0.0,0.03166962
2.7045736,0.8893626,0.019790186,0.03619751,0.0,0.00058097905,0.0,0.03503042
2.8047433,0.92230207,0.021763625,0.0398935,0.0,0.0006449565,0.0,0.03859784
2.9049125,0.95524126,0.023840649,0.043798402,0.0,0.0007133758,0.0,0.04236523
3.005082,0.98818064,0.026014585,0.04790185,0.0,0.0007861779,0.0,0.046322353
3.1052513,1.0211201,0.028277457,0.05219164,0.0,0.0008633217,0.0,0.050457075
3.2054207,1.0540594,0.030619435,0.056651693,0.0,0.0009446689,0.0,0.0547536
3.3055904,1.0869988,0.03302921,0.061263394,0.0,0.0010300557,0.0,0.059193633
3.4057596,1.1199381,0.035494108,0.066005714,0.0,0.0011192984,0.0,0.06375651
3.505929,1.1528774,0.037999667,0.07085354,0.0,0.0012120799,0.0,0.06841777
3.6060984,1.1858168,0.04053055,0.07578072,8.891223e-10,0.0013081228,0.0,0.07315181
3.7062676,1.2187561,0.04307037,0.08075946,6.645721e-09,0.0014071394,0.0,0.07793138
3.8064373,1.2516956,0.04560155,0.085757844,1.3399872e-08,0.001508661,0.0,0.082725555
3.9066064,1.2846348,0.048106246,0.09074485,2.4151571e-08,0.0016123304,0.0,0.08750399
4.006776,1.3175741,0.050566114,0.09568757,3.9213038e-08,0.0017177014,0.0,0.09223466
4.1069455,1.3505137,0.052962556,0.10055188,5.694469e-08,0.0018242626,0.0,0.09688451
4.2071147,1.383453,0.05527752,0.105305746,8.221665e-08,0.0019316247,0.0,0.10142228
4.3072844,1.4163923,0.05749291,0.10991524,1.1468373e-07,0.002039223,0.0,0.105815105
4.4074535,1.4493316,0.059591778,0.114349,1.5592883e-07,0.0021466068,0.0,0.11003261
4.507623,1.4822711,0.06155805,0.11857726,2.1017334e-07,0.0022533287,0.0,0.11404588
4.6077924,1.5152104,0.063376896,0.122571774,2.8111626e-07,0.0023589302,0.0,0.11782761
4.7079616,1.5481497,0.06503509,0.12630694,3.7009096e-07,0.0024629787,0.0,0.121353045
4.808131,1.5810891,0.06652129,0.12976193,4.88318e-07,0.0025652228,0.0,0.124601886
4.908301,1.6140286,0.06782564,0.13291593,6.331406e-07,0.0026651989,0.0,0.12755418
5.0084705,1.6469679,0.06894071,0.1357547,8.181377e-07,0.002762726,0.0,0.13019614
5.1086392,1.6799071,0.06986095,0.13826635,1.0493386e-06,0.002857557,0.0,0.13251626
5.208809,1.7128465,0.07058322,0.14044416,1.3392767e-06,0.0029496006,0.0,0.13450807
5.308978,1.745786,0.07110634,0.1422846,1.7007346e-06,0.0030387621,0.0,0.13616826
5.4091473,1.7787251,0.07143159,0.14378884,2.1469743e-06,0.0031250506,0.0,0.13749786
5.509317,1.8116645,0.071562245,0.14496289,2.6969014e-06,0.0032086268,0.0,0.13850267
5.6094866,1.8446041,0.071503736,0.14581707,3.3731105e-06,0.003289743,0.0,0.13919239
5.7096553,1.8775431,0.071263306,0.146365,4.202405e-06,0.003368696,0.0,0.13958012
5.809825,1.9104825,0.07084974,0.14662334,5.207667e-06,0.0034458085,0.0,0.13968183
5.9099946,1.9434221,0.07027371,0.14661476,6.4292294e-06,0.0035217165,0.0,0.13951889
6.010164,1.9763613,0.06954692,0.14636268,7.89886e-06,0.0035969361,0.0,0.13911362
6.1103334,2.0093007,0.06868226,0.14589457,9.6669e-06,0.0036721907,0.0,0.13849214
6.2105026,2.0422401,0.06769352,0.14524013,1.1774827e-05,0.0037482572,0.0,0.13768245
6.3106723,2.0751793,0.066595234,0.14443283,1.4289294e-05,0.0038261728,0.0,0.13671598
6.4108415,2.1081188,0.06540217,0.1435058,1.7260052e-05,0.0039068586,0.0,0.13562399
6.511011,2.1410582,0.064129576,0.14249644,2.0772575e-05,0.003991603,0.0,0.13444123
6.611181,2.1739976,0.06279218,0.14143963,2.4892743e-05,0.0040814304,0.0,0.13320051
6.7113495,2.2069368,0.061405104,0.14037454,2.9713761e-05,0.0041777976,0.0,0.13193801
6.811519,2.2398763,0.059982676,0.1393395,3.5327088e-05,0.0042821327,0.0,0.13068917
6.911689,2.2728157,0.05853874,0.13837194,4.183181e-05,0.004395828,0.0,0.1294886
7.011858,2.305755,0.0570867,0.13751133,4.934589e-05,0.0045205797,0.0,0.12837228
7.1120276,2.3386943,0.055639017,0.13679513,5.798195e-05,0.0046579945,0.0,0.12737443
7.212197,2.3716335,0.054207508,0.13626242,6.7874025e-05,0.004809988,0.0,0.12653022
7.312366,2.404573,0.0528029,0.13594878,7.915327e-05,0.004978252,0.0,0.12587172
7.412535,2.4375122,0.051434916,0.13588956,9.196259e-05,0.0051646256,0.0,0.12543057
7.512705,2.4704516,0.050112672,0.13612075,0.000106460495,0.0053712055,0.0,0.1252385
7.6128745,2.5033913,0.04884407,0.13667478,0.00012281592,0.0055998964,0.0,0.12532398
7.7130437,2.5363305,0.047635723,0.13758096,0.00014115019,0.005852452,0.0,0.1257128
7.813213,2.5692697,0.04649371,0.13886851,0.0001616299,0.0061308336,0.0,0.12643008
7.9133825,2.602209,0.045423295,0.14056571,0.00018444039,0.006437139,0.0,0.12749985
8.013552,2.6351483,0.044428673,0.14269648,0.00020973047,0.006773196,0.0,0.12894231
8.113722,2.668088,0.04351327,0.14528313,0.00023767914,0.0071408763,0.0,0.13077582
8.213891,2.7010274,0.042679682,0.14834431,0.00026844378,0.007541887,0.0,0.13301563
8.31406,2.7339666,0.041930202,0.1518988,0.00030220664,0.007978212,0.0,0.13567637
8.414229,2.766906,0.04126582,0.15595752,0.00033911507,0.008451134,0.0,0.13876629
8.514399,2.7998452,0.040687457,0.16053198,0.00037933627,0.008962291,0.0,0.14229356
8.614569,2.8327847,0.040195275,0.16562974,0.00042301658,0.009513099,0.0,0.14626275
8.714738,2.865724,0.03978892,0.17125301,0.0004702906,0.010104584,0.0,0.15067399
8.814907,2.8986633,0.039468046,0.17740569,0.0005213311,0.0107382545,0.0,0.1555279
8.915076,2.9316025,0.039231088,0.18408115,0.00057623093,0.011414542,0.0,0.16081707
9.015246,2.9645422,0.03907701,0.19127576,0.00063514384,0.012134535,0.0,0.16653547
9.115416,2.9974816,0.03900405,0.19898036,0.0006981928,0.012898853,0.0,0.17267261
9.215585,3.0304208,0.039010197,0.2071818,0.0007654774,0.013707824,0.0,0.17921463
9.315755,3.0633602,0.039093394,0.21586522,0.0008371074,0.014561767,0.0,0.18614589
9.415923,3.0962994,0.039251354,0.22501379,0.00091318146,0.015460956,0.0,0.19344892
9.516093,3.1292388,0.039481625,0.23460646,0.0009937725,0.016405243,0.0,0.20110285
9.616262,3.1621783,0.03978176,0.24462216,0.0010789931,0.017394658,0.0,0.20908646
9.716432,3.1951177,0.040149346,0.2550384,0.0011689332,0.018429145,0.0,0.21737733
9.816602,3.2280571,0.04058178,0.26582995,0.0012636515,0.019508334,0.0,0.22595072
9.916771,3.2609963,0.041076414,0.2769703,0.0013632318,0.020631751,0.0,0.23478109
10.016941,3.2939358,0.041630883,0.28843483,0.0014677551,0.021799203,0.0,0.24384412
10.117109,3.326875,0.04224268,0.3001968,0.0015772847,0.02301016,0.0,0.2531139
10.2172785,3.3598142,0.042909317,0.31222934,0.0016918742,0.024264049,0.0,0.26256478
10.317449,3.392754,0.043628294,0.32450855,0.0018115906,0.025560671,0.0,0.27217293
10.417618,3.425693,0.04439761,0.337007,0.0019364689,0.026899045,0.0,0.281913
10.517787,3.4586325,0.04521468,0.34969985,0.0020665247,0.028278584,0.0,0.2917612
10.617956,3.491572,0.046077352,0.36256424,0.0022017949,0.029698724,0.0,0.30169556
10.718124,3.5245109,0.046983387,0.37557662,0.0023422735,0.031158675,0.0,0.31169415
10.818295,3.5574503,0.04793057,0.3887166,0.0024879514,0.03265792,0.0,0.32173756
10.918464,3.5903897,0.04891627,0.40195927,0.0026387428,0.03419504,0.0,0.33180365
11.018634,3.623329,0.049938075,0.41528624,0.0027945773,0.035769418,0.0,0.34187505
11.118803,3.6562684,0.05099315,0.42867425,0.0029553238,0.037379492,0.0,0.3519318
11.218973,3.6892083,0.052078616,0.4421044,0.0031208217,0.039024226,0.0,0.36195698
11.319142,3.7221472,0.053191334,0.4555524,0.003290822,0.040701434,0.0,0.37193066
11.419311,3.7550862,0.05432788,0.46899718,0.003465061,0.042409398,0.0,0.38183546
11.519481,3.7880259,0.05548445,0.4824151,0.003643186,0.04414573,0.0,0.3916522
11.61965,3.820965,0.056656424,0.49577987,0.0038247886,0.04590775,0.0,0.40136033
11.71982,3.8539047,0.05783941,0.50906533,0.004009384,0.047692455,0.0,0.41093978
11.819989,3.8868442,0.05902799,0.5222413,0.004196431,0.049496293,0.0,0.42036766
11.920158,3.919783,0.060216352,0.53527707,0.0043853093,0.05131562,0.0,0.4296206
12.020328,3.9527225,0.061398733,0.5481389,0.0045753284,0.053146057,0.0,0.4386741
12.120497,3.985662,0.06256825,0.5607887,0.004765709,0.05498267,0.0,0.4475
12.220667,4.0186014,0.06371795,0.57318836,0.0049556405,0.05682056,0.0,0.45607042
12.320836,4.051541,0.06484033,0.585297,0.005144234,0.05865431,0.0,0.46435568
12.421005,4.0844803,0.06592747,0.5970697,0.0053305337,0.060477864,0.0,0.47232324
12.521175,4.1174197,0.066971794,0.6084629,0.0055135805,0.062285297,0.0,0.47994196
12.621345,4.1503587,0.06796468,0.6194286,0.005692337,0.06407005,0.0,0.4871771
12.721514,4.183298,0.06889825,0.62992066,0.005865785,0.065825716,0.0,0.49399602
12.821683,4.2162375,0.06976423,0.6398914,0.0060328795,0.067545675,0.0,0.5003648
12.921852,4.2491765,0.07055448,0.6492946,0.0061925934,0.06922344,0.0,0.5062503
13.022022,4.2821164,0.07126144,0.6580861,0.0063439296,0.07085275,0.0,0.5116218
13.122191,4.315056,0.07187791,0.6662229,0.006485915,0.07242722,0.0,0.51644903
13.222362,4.3479953,0.072397076,0.6736652,0.0066176453,0.07394107,0.0,0.5207046
13.32253,4.3809342,0.072813146,0.6803779,0.0067382823,0.07538881,0.0,0.5243647
13.422699,4.4138737,0.07312062,0.68632907,0.006847072,0.07676543,0.0,0.52740765
13.522869,4.446813,0.07331534,0.6914927,0.0069433553,0.07806648,0.0,0.52981687
13.623038,4.4797525,0.07339387,0.69584954,0.007026586,0.07928839,0.0,0.5315803
13.723208,4.512692,0.07335392,0.6993851,0.0070963344,0.080428116,0.0,0.5326901
13.823378,4.5456314,0.073194414,0.7020922,0.0071522896,0.08148326,0.0,0.5331439
13.923547,4.578571,0.07291511,0.70397073,0.0071942788,0.08245259,0.0,0.5329443
14.023716,4.61151,0.07251723,0.70502865,0.007222274,0.083335675,0.0,0.53210026
14.123885,4.644449,0.072002955,0.70527864,0.0072363494,0.08413244,0.0,0.5306244
14.224055,4.6773887,0.07137546,0.70474124,0.007236732,0.084844105,0.0,0.52853507
14.324224,4.710328,0.07063918,0.70344526,0.0072237733,0.08547278,0.0,0.5258567
14.424394,4.743267,0.06979934,0.701423,0.007197932,0.08602091,0.0,0.52261645
14.524564,4.776207,0.0688624,0.6987145,0.007159781,0.08649197,0.0,0.5188476
14.624732,4.809146,0.06783499,0.69536257,0.0071099936,0.086889766,0.0,0.5145846
14.724901,4.842085,0.06672483,0.69141537,0.007049319,0.08721883,0.0,0.5098668
14.82507,4.8750243,0.06554001,0.68692535,0.0069785924,0.0874843,0.0,0.50473565
14.9252405,4.907964,0.06428912,0.6819471,0.0068986975,0.08769168,0.0,0.49923456
15.02541,4.940903,0.0629809,0.6765363,0.00681056,0.087846555,0.0,0.49340785
15.125579,4.9738426,0.061624184,0.6707503,0.0067151394,0.08795491,0.0,0.48730028
15.225749,5.0067825,0.060228016,0.6646463,0.006613397,0.08802262,0.0,0.48095694
15.325917,5.0397215,0.058801234,0.6582808,0.006506301,0.08805563,0.0,0.47442213
15.426087,5.072661,0.057352237,0.6517084,0.0063947965,0.088059805,0.0,0.46773836
15.526257,5.1056004,0.055889506,0.64498425,0.0062798173,0.088041164,0.0,0.4609481
15.626426,5.1385393,0.054420676,0.63815844,0.0061622523,0.088005275,0.0,0.45409024
15.726596,5.1714787,0.05295306,0.6312781,0.006042936,0.08795722,0.0,0.44720113
15.826765,5.204418,0.05149351,0.6243887,0.0059226686,0.087902196,0.0,0.4403156
15.926934,5.237357,0.05004805,0.61752945,0.005802169,0.08784453,0.0,0.4334639
16.027103,5.2702966,0.048622385,0.6107376,0.0056821033,0.08778849,0.0,0.42667452
16.127274,5.3032365,0.047221385,0.604046,0.0055630687,0.08773796,0.0,0.41997197
16.227444,5.336176,0.045849152,0.59748244,0.005445594,0.087696165,0.0,0.4133776
16.327612,5.369115,0.044509515,0.5910726,0.0053301444,0.08766622,0.0,0.4069105
16.427782,5.402055,0.043205276,0.58483607,0.00521711,0.08765043,0.0,0.4005854
16.52795,5.4349937,0.041938733,0.5787884,0.005106817,0.08765073,0.0,0.39441398
16.62812,5.467933,0.04071182,0.572944,0.0049995384,0.08766911,0.0,0.3884063
16.72829,5.500873,0.039525714,0.5673123,0.004895483,0.08770689,0.0,0.3825692
16.828459,5.533812,0.03838139,0.5618999,0.0047948044,0.08776497,0.0,0.37690723
16.928629,5.5667515,0.03727908,0.55670995,0.004697607,0.087844,0.0,0.37142226
17.028797,5.5996904,0.03621887,0.55174446,0.004603963,0.08794439,0.0,0.3661154
17.128967,5.63263,0.03520036,0.54700065,0.004513881,0.0880659,0.0,0.36098415
17.229137,5.6655693,0.03422296,0.54247737,0.004427368,0.08820887,0.0,0.35602692
17.329306,5.6985083,0.033285692,0.53816944,0.004344382,0.088372886,0.0,0.3512391
17.429476,5.731448,0.032387614,0.5340718,0.004264866,0.0885576,0.0,0.3466164
17.529646,5.7643876,0.03152748,0.5301776,0.0041887416,0.08876242,0.0,0.34215313
17.629814,5.7973266,0.030704033,0.526479,0.0041159145,0.08898655,0.0,0.337843
17.729984,5.8302665,0.029915867,0.5229683,0.0040462804,0.08922938,0.0,0.33367977
17.830153,5.863205,0.029161533,0.5196369,0.003979725,0.08949001,0.0,0.32965642
17.930323,5.896145,0.02843961,0.51647633,0.0039161285,0.0897676,0.0,0.32576632
18.030493,5.9290843,0.027748475,0.5134758,0.003855364,0.09006102,0.0,0.322001
18.130663,5.962024,0.0270867,0.5106269,0.0037973109,0.09036924,0.0,0.3183541
18.230831,5.994963,0.026452836,0.5079204,0.0037418446,0.09069129,0.0,0.3148185
18.331,6.027902,0.025845489,0.50534683,0.0036888379,0.091026045,0.0,0.311387
18.43117,6.0608416,0.02526332,0.5028973,0.003638172,0.09137235,0.0,0.30805317
18.53134,6.093781,0.024704922,0.5005616,0.0035897214,0.09172889,0.0,0.30480945
18.63151,6.1267204,0.02416917,0.4983309,0.003543373,0.09209433,0.0,0.30164996
18.731678,6.1596594,0.023654765,0.49619594,0.003499009,0.092467405,0.0,0.2985682
18.831846,6.192599,0.023160484,0.49414635,0.003456513,0.09284651,0.0,0.29555693
18.932016,6.2255383,0.022685234,0.49217257,0.003415776,0.093230076,0.0,0.2926103
19.032187,6.2584777,0.022227835,0.49026385,0.0033766818,0.093616255,0.0,0.28972134
19.132357,6.291417,0.021787414,0.48841032,0.0033391202,0.09400311,0.0,0.28688452
19.232525,6.3243566,0.02136286,0.48660064,0.0033029772,0.094388574,0.0,0.2840928
19.332695,6.357296,0.020953238,0.48482326,0.0032681413,0.09477033,0.0,0.28133982
19.432863,6.3902354,0.020557621,0.48306587,0.0032344852,0.09514579,0.0,0.27861887
19.533035,6.4231753,0.020175053,0.48131537,0.0032018977,0.09551212,0.0,0.27592328
19.633204,6.4561143,0.019804593,0.47955707,0.0031702511,0.095866114,0.0,0.27324528
19.733372,6.4890537,0.019445233,0.4777759,0.0031394043,0.09620445,0.0,0.2705771
19.833542,6.5219927,0.019096056,0.47595572,0.0031092258,0.096523315,0.0,0.2679111
19.93371,6.5549316,0.018756349,0.4740799,0.0030795727,0.09681874,0.0,0.26523942
20.033882,6.5878716,0.018424924,0.47212917,0.0030502847,0.09708616,0.0,0.2625529
20.13405,6.620811,0.018101083,0.47008514,0.003021219,0.09732105,0.0,0.25984326
20.234219,6.65375,0.017784031,0.467928,0.0029922219,0.09751842,0.0,0.25710174
20.334389,6.68669,0.017472554,0.46563506,0.0029630957,0.09767278,0.0,0.2543179
20.434557,6.7196283,0.017165765,0.4631833,0.0029336705,0.097778395,0.0,0.25148153
20.534729,6.7525687,0.016862728,0.46055007,0.0029037679,0.097829476,0.0,0.24858285
20.634897,6.785508,0.016562385,0.45771098,0.0028731807,0.097819865,0.0,0.24561122
20.735067,6.8184476,0.016263984,0.45464218,0.0028417318,0.09774342,0.0,0.24255669
20.835236,6.851386,0.01596619,0.45131707,0.0028092016,0.09759346,0.0,0.23940732
20.935404,6.8843255,0.015668422,0.44771367,0.0027754093,0.09736398,0.0,0.23615487
21.035574,6.917265,0.015369742,0.44380778,0.0027401769,0.09704869,0.0,0.23278897
21.135742,6.9502034,0.015069163,0.4395757,0.0027033046,0.09664149,0.0,0.22929996
21.235912,6.983144,0.014765931,0.4349957,0.002664624,0.09613647,0.0,0.22567925
21.33608,7.0160823,0.01445899,0.43004575,0.0026239431,0.095528044,0.0,0.22191736
21.436249,7.0490217,0.01414811,0.42471215,0.0025811456,0.09481187,0.0,0.21801056
21.53642,7.0819616,0.01383235,0.41897652,0.0025360708,0.09398326,0.0,0.21395104
21.63659,7.1149006,0.01351107,0.41282535,0.0024886013,0.09303847,0.0,0.20973393
21.73676,7.14784,0.013184043,0.4062518,0.0024386493,0.09197514,0.0,0.20535779
21.836927,7.1807795,0.012850877,0.39925,0.0023861567,0.09079141,0.0,0.20082119
21.937096,7.213718,0.012511445,0.39182,0.0023310974,0.08948666,0.0,0.19612582
22.037268,7.246658,0.012165502,0.38396254,0.0022734422,0.08806092,0.0,0.1912727
22.137436,7.2795973,0.011813179,0.3756873,0.0022132394,0.08651603,0.0,0.1862676
22.237606,7.3125367,0.011454648,0.3670065,0.0021505258,0.08485463,0.0,0.18111716
22.337774,7.345476,0.011090073,0.35793576,0.0020853956,0.08308043,0.0,0.1758291
22.437946,7.3784165,0.010720242,0.34850103,0.0020179998,0.081199266,0.0,0.17041667
22.538115,7.411355,0.010345521,0.33872738,0.001948482,0.079217315,0.0,0.16489151
22.638285,7.4442945,0.009966589,0.32864514,0.0018770297,0.077141926,0.0,0.15926781
22.738453,7.477234,0.009584335,0.3182914,0.0018038745,0.07498213,0.0,0.15356283
22.838621,7.5101724,0.0091997,0.30770525,0.0017292763,0.072747596,0.0,0.14779446
22.938793,7.5431128,0.008813851,0.29693052,0.0016535098,0.070449024,0.0,0.14198299
23.038961,7.5760517,0.008427738,0.28601158,0.0015768681,0.06809773,0.0,0.13614772
23.139132,7.608991,0.008042683,0.27499792,0.0014996656,0.06570596,0.0,0.13031124
23.2393,7.64193,0.007659887,0.2639379,0.0014222352,0.06328596,0.0,0.12449478
23.339468,7.6748695,0.007280518,0.25288165,0.0013448971,0.060850546,0.0,0.11872014
23.43964,7.7078094,0.0069057965,0.24187844,0.0012679811,0.058412284,0.0,0.11300867
23.539808,7.740748,0.0065370947,0.23097984,0.0011918497,0.055984292,0.0,0.10738296
23.639978,7.7736883,0.0061756154,0.22023442,0.0011168073,0.053579077,0.0,0.10186377
23.740147,7.806627,0.0058224085,0.20968704,0.0010431687,0.051208373,0.0,0.09646991
23.840317,7.839566,0.0054786415,0.19938284,0.0009712299,0.048883922,0.0,0.09122039
23.940487,7.8725066,0.0051453905,0.18936332,0.0009012835,0.04661647,0.0,0.086132824
24.040655,7.905445,0.004823477,0.17966525,0.0008335704,0.044415932,0.0,0.08122183
24.140825,7.9383845,0.004513775,0.17032202,0.0007683296,0.04229113,0.0,0.07650111
24.240993,7.971324,0.0042168144,0.16136113,0.00070573884,0.040249765,0.0,0.07198095
24.341164,8.004263,0.0039333804,0.15280975,0.00064598524,0.03829898,0.0,0.06767256
24.441334,8.037203,0.003663717,0.14468426,0.00058918673,0.036443785,0.0,0.063580915
24.541504,8.070143,0.003408199,0.13700126,0.00053544407,0.034688883,0.0,0.059712067
24.641672,8.103082,0.00316701,0.1297703,0.0004848326,0.03303731,0.0,0.056068636
24.74184,8.136021,0.0029402191,0.12299766,0.00043739445,0.031491287,0.0,0.052651767
24.84201,8.168961,0.002727675,0.1166824,0.00039312325,0.030051334,0.0,0.049459133
24.94218,8.2019,0.0025291946,0.11082144,0.00035199654,0.028717313,0.0,0.04648778
25.04235,8.234839,0.0023446528,0.10541059,0.00031398624,0.027488597,0.0,0.04373471
25.142519,8.267778,0.0021735288,0.10043657,0.0002790062,0.026362628,0.0,0.041192126
25.24269,8.300717,0.00201547,0.09588781,0.00024696707,0.025336973,0.0,0.038853657
25.342857,8.333657,0.0018699014,0.09174692,0.00021775489,0.024407895,0.0,0.036709998
25.443027,8.366596,0.0017362775,0.08799628,0.00019124962,0.023571456,0.0,0.0347521
25.543198,8.399536,0.001613917,0.084615216,0.00016730573,0.022822993,0.0,0.03296946
25.643366,8.432475,0.0015021884,0.08158207,0.00014577051,0.022157531,0.0,0.03135125
25.743536,8.465415,0.0014004713,0.07887575,0.00012650552,0.02157014,0.0,0.029887209
25.843704,8.498353,0.0013080349,0.07647223,0.00010934148,0.021055246,0.0,0.02856554
25.943876,8.531294,0.0012242175,0.0743495,9.4121184e-05,0.020607617,0.0,0.027375687
26.044044,8.564233,0.0011483328,0.072483875,8.068855e-05,0.020221673,0.0,0.026306234
26.144213,8.597172,0.0010797159,0.07085306,6.888904e-05,0.019892093,0.0,0.025346598
26.244383,8.630112,0.0010177396,0.069435455,5.857544e-05,0.019613702,0.0,0.02448657
26.344551,8.663051,0.000961809,0.06821021,4.959956e-05,0.01938148,0.0,0.023716355
26.444723,8.695991,0.0009113185,0.06715695,4.1827956e-05,0.019190518,0.0,0.023026412
26.544891,8.7289295,0.000865715,0.06625603,3.512035e-05,0.019036077,0.0,0.02240755
26.64506,8.7618685,0.00082451885,0.06549077,2.9366016e-05,0.018914057,0.0,0.021852158
26.74523,8.794808,0.0007872538,0.06484432,2.4453127e-05,0.018820351,0.0,0.0213525
26.845398,8.827747,0.0007534352,0.06430006,2.0271807e-05,0.018750908,0.0,0.020900905
26.94557,8.860687,0.0007227197,0.063845046,1.6731356e-05,0.018702492,0.0,0.020491641
27.045738,8.893626,0.0006947399,0.06346632,1.3751595e-05,0.018671872,0.0,0.020118946
27.145908,8.926565,0.0006691803,0.06315154,1.125202e-05,0.018655969,0.0,0.019777346
27.246077,8.959505,0.00064577494,0.06289101,9.17169e-06,0.018652298,0.0,0.019462746
27.346245,8.992443,0.0006242166,0.06267346,7.441358e-06,0.018658027,0.0,0.019170227
27.446417,9.025384,0.00060426013,0.062489275,6.0078596e-06,0.018670693,0.0,0.018895734
27.546585,9.058323,0.00058576046,0.0623318,4.830798e-06,0.018688487,0.0,0.018636769
27.646755,9.091263,0.0005684845,0.062191922,3.8627563e-06,0.018709049,0.0,0.018389573
27.746923,9.124202,0.0005523118,0.062063634,3.072972e-06,0.018730707,0.0,0.018152034
27.847094,9.157142,0.000537117,0.06194075,2.435093e-06,0.018751742,0.0,0.017921962
27.947264,9.190081,0.0005227603,0.06181679,1.9214244e-06,0.018770367,0.0,0.017697075
28.047432,9.22302,0.0005091152,0.061685473,1.5084723e-06,0.018784802,0.0,0.01747525
28.147602,9.2559595,0.000496104,0.06154145,1.1759274e-06,0.018793484,0.0,0.017254878
28.24777,9.288898,0.0004836371,0.061379604,9.114543e-07,0.01879488,0.0,0.017034512
28.34794,9.321838,0.0004716435,0.06119457,6.9847385e-07,0.018787388,0.0,0.016812654
28.44811,9.354777,0.0004600774,0.060982216,5.3248357e-07,0.018769685,0.0,0.016588438
28.54828,9.387717,0.0004488782,0.06073775,4.0565774e-07,0.018740272,0.0,0.01636072
28.648449,9.420656,0.0004379554,0.060455155,3.0455362e-07,0.018697359,0.0,0.016127829
28.748617,9.453595,0.0004272876,0.06013065,2.2520712e-07,0.018639667,0.0,0.01588916
28.848787,9.486534,0.00041681484,0.05975927,1.6118744e-07,0.018565655,0.0,0.015643599
28.948957,9.519475,0.00040653523,0.059337933,1.15607115e-07,0.018474208,0.0,0.015390859
29.049128,9.552414,0.00039638524,0.058861826,8.044126e-08,0.018363826,0.0,0.015129883
29.149296,9.585353,0.0003863107,0.058326304,5.0991098e-08,0.018233038,0.0,0.014859635
29.249464,9.618292,0.00037631506,0.057728805,3.0356322e-08,0.018080914,0.0,0.0145799965
29.349634,9.651232,0.00036635442,0.057065662,1.5594662e-08,0.017906277,0.0,0.014290279
29.449802,9.68417,0.00035640446,0.056333892,2.923648e-09,0.017708126,0.0,0.013990008
29.549973,9.717111,0.00034647502,0.055532508,0.0,0.017486019,0.0,0.013679492
29.65014,9.750049,0.0003365168,0.054658413,0.0,0.01723901,0.0,0.013358002
29.750309,9.782989,0.00032649562,0.053709727,0.0,0.016966498,0.0,0.013025193
29.850481,9.815928,0.00031641612,0.052686267,0.0,0.01666836,0.0,0.012681328
29.95065,9.848867,0.00030626246,0.051588044,0.0,0.016344579,0.0,0.012326569
30.05082,9.881806,0.00029603884,0.050416008,0.0,0.015995426,0.0,0.01196133
30.150988,9.914745,0.00028573774,0.049171686,0.0,0.015621383,0.0,0.011586069
30.251158,9.947685,0.0002753537,0.047857035,0.0,0.015223082,0.0,0.011201243
30.351328,9.980624,0.0002649055,0.04647544,0.0,0.014801602,0.0,0.0108077405
30.451498,10.013565,0.00025439257,0.045030747,0.0,0.014358185,0.0,0.010406427
30.551666,10.046503,0.00024384084,0.04352779,0.0,0.013894391,0.0,0.009998413
30.651834,10.079443,0.0002332603,0.041971948,0.0,0.013411969,0.0,0.009584855
30.752005,10.112382,0.00022266398,0.04036884,0.0,0.012912783,0.0,0.009166856
30.852175,10.145322,0.00021208303,0.038725246,0.0,0.012399039,0.0,0.008745836
30.952345,10.178261,0.0002015361,0.037048418,0.0,0.011873111,0.0,0.008323264
31.052513,10.211201,0.0001910604,0.03534604,0.0,0.0113375215,0.0,0.007900689
31.152681,10.244139,0.00018067895,0.033626053,0.0,0.010794879,0.0,0.0074796635
31.252851,10.277079,0.00017041544,0.03189619,0.0,0.010247757,0.0,0.007061593
31.353022,10.310019,0.00016030903,0.030164879,0.0,0.00969893,0.0,0.006648123
31.453192,10.3429575,0.00015038301,0.028440377,0.0,0.009151127,0.0,0.0062407833
31.55336,10.375897,0.00014067756,0.026731014,0.0,0.008607097,0.0,0.005841152
31.65353,10.408836,0.00013121578,0.02504462,0.0,0.008069444,0.0,0.005450638
31.753698,10.441775,0.00012202009,0.023388365,0.0,0.007540571,0.0,0.0050704433
31.853868,10.474714,0.00011312229,0.021769544,0.0,0.007022902,0.0,0.0047018817
31.954039,10.507655,0.000104547515,0.020194953,0.0,0.006518699,0.0,0.0043461462
32.054207,10.540593,9.631694e-05,0.018670743,0.0,0.006030014,0.0,0.0040042866
32.154377,10.573533,8.844236e-05,0.01720183,0.0,0.005558527,0.0,0.0036770168
32.254547,10.606473,8.0943275e-05,0.01579291,0.0,0.0051058205,0.0,0.0033650682
32.354717,10.639413,7.3827665e-05,0.014447864,0.0,0.0046732165,0.0,0.0030690057
32.454887,10.672352,6.7111134e-05,0.013170079,0.0,0.0042618653,0.0,0.0027893202
32.555054,10.705291,6.0793758e-05,0.011961828,0.0,0.0038725643,0.0,0.002526243
32.655224,10.73823,5.4873115e-05,0.010824289,0.0,0.0035057657,0.0,0.0022797415
32.755394,10.77117,4.935139e-05,0.009758445,0.0,0.003161836,0.0,0.002049826
32.855564,10.80411,4.422796e-05,0.00876472,0.0,0.0028409495,0.0,0.0018364184
32.955734,10.837049,3.9491988e-05,0.0078426115,0.0,0.0025429917,0.0,0.0016392238
33.0559,10.8699875,3.5129295e-05,0.0069905096,0.0,0.0022674955,0.0,0.001457679
33.15607,10.902926,3.11315e-05,0.0062069222,0.0,0.002014009,0.0,0.0012913353
33.25624,10.935866,2.7486425e-05,0.005489859,0.0,0.0017819164,0.0,0.001139652
33.35641,10.968805,2.417651e-05,0.0048368704,0.0,0.0015704499,0.0,0.0010020009
33.45658,11.001746,2.118068e-05,0.0042445883,0.0,0.0013785578,0.0,0.0008775146
33.556747,11.034683,1.848401e-05,0.0037099859,0.0,0.0012052775,0.0,0.00076547783
33.656918,11.067624,1.6069002e-05,0.0032298255,0.0,0.001049576,0.0,0.0006651408
33.757088,11.100563,1.3915512e-05,0.0028007454,0.0,0.00091037696,0.0,0.00057574
33.857258,11.133503,1.2000261e-05,0.002418627,0.0,0.00078637194,0.0,0.000496305
33.957428,11.166442,1.0307129e-05,0.0020801208,0.0,0.0006764811,0.0,0.0004261051
34.057594,11.199381,8.819256e-06,0.0017817974,0.0,0.00057959906,0.0,0.00036439343
34.157764,11.23232,7.5145063e-06,0.0015200282,0.0,0.0004945599,0.0,0.00031036683
34.257935,11.26526,6.3772504e-06,0.0012912956,0.0,0.00042023158,0.0,0.00026325308
34.3581,11.298198,5.388478e-06,0.0010922755,0.0,0.00035554264,0.0,0.00022233107
34.458275,11.331139,4.536422e-06,0.0009204032,0.0,0.0002996554,0.0,0.00018708668
34.558445,11.3640785,3.8014612e-06,0.00077213516,0.0,0.0002514345,0.0,0.00015672363
34.65861,11.397017,3.171819e-06,0.0006449142,0.0,0.00021004991,0.0,0.0001307105
34.75878,11.429956,2.6372952e-06,0.00053657545,0.0,0.00017479523,0.0,0.00010861151
34.85895,11.462896,2.1822307e-06,0.00044447035,0.0,0.00014481746,0.0,8.984985e-05
34.95912,11.495836,1.7977386e-06,0.00036651135,0.0,0.00011943938,0.0,7.399005e-05
35.05929,11.528775,1.4757622e-06,0.0003010024,0.0,9.810825e-05,0.0,6.0688963e-05
35.15946,11.561714,1.2056287e-06,0.00024616966,0.0,8.02493e-05,0.0,4.9574264e-05
35.25963,11.594653,9.797999e-07,0.00020027164,0.0,6.529958e-05,0.0,4.0274776e-05
35.3598,11.627593,7.941783e-07,0.00016236184,0.0,5.2947333e-05,0.0,3.2613094e-05
35.45997,11.660533,6.400514e-07,0.00013101028,0.0,4.2730415e-05,0.0,2.628386e-05
35.56014,11.693472,5.129433e-07,0.00010509568,0.0,3.4285145e-05,0.0,2.1053222e-05
35.660305,11.72641,4.1063234e-07,8.413257e-05,0.0,2.7450033e-05,0.0,1.6837203e-05
35.76048,11.759351,3.2622845e-07,6.689911e-05,0.0,2.1831404e-05,0.0,1.3369629e-05
35.860645,11.79229,1.6890903e-06,5.288174e-05,4.4210503e-07,1.7260703e-05,2.2369817e-07,1.0549939e-05
35.960815,11.825229,5.5531445e-06,4.174757e-05,1.6502204e-06,1.36276385e-05,8.3814626e-07,8.316192e-06
36.060986,11.858169,1.0176554e-05,3.2631095e-05,3.0864205e-06,1.0652884e-05,1.5727206e-06,6.4818773e-06
36.16115,11.891107,1.594482e-05,2.5591724e-05,4.8699662e-06,8.35341e-06,2.487485e-06,5.069905e-06
36.261326,11.924048,2.3542838e-05,1.980018e-05,7.2118846e-06,6.461487e-06,3.6920562e-06,3.8998837e-06
36.361492,11.956986,3.3917608e-05,1.5389405e-05,1.0401009e-05,5.018356e-06,5.337169e-06,3.0070805e-06
36.461662,11.989926,4.658631e-05,1.18889175e-05,1.4291749e-05,3.8711714e-06,7.3452657e-06,2.2895103e-06
36.561832,12.022865,6.3082414e-05,9.23757e-06,1.9352388e-05,2.9997298e-06,9.9609715e-06,1.7372561e-06
36.662,12.055804,8.49278e-05,7.1724203e-06,2.6046515e-05,2.3177201e-06,1.34288e-05,1.2921433e-06
36.76217,12.088743,0.00011239978,5.8169217e-06,3.4461907e-05,1.8645994e-06,1.7789596e-05,9.796395e-07
36.86234,12.121683,0.00014747452,4.69734e-06,4.520155e-05,1.485841e-06,2.3360202e-05,6.98209e-07
36.962505,12.154621,0.00019124907,4.1964213e-06,5.8604503e-05,1.3050942e-06,3.0310985e-05,5.251958e-07
37.06268,12.187562,0.00024795267,3.9703123e-06,7.595051e-05,1.2092047e-06,3.9327773e-05,3.8296585e-07
37.162846,12.2205,0.00031808327,4.075019e-06,9.740684e-05,1.2156295e-06,5.0476203e-05,2.8036274e-07
37.26302,12.253441,0.0004066221,4.5300053e-06,0.00012448082,1.3285361e-06,6.456289e-05,2.1051639e-07
37.363182,12.286378,0.00051537,5.3176336e-06,0.00015774144,1.541743e-06,8.185839e-05,1.6844875e-07
37.463356,12.319319,0.00065157464,6.513804e-06,0.00019937461,1.8770346e-06,0.00010354218,1.5421753e-07
37.563526,12.35226,0.0008197408,8.279169e-06,0.00025076244,2.3835746e-06,0.00013032684,1.8157397e-07
37.663692,12.385198,0.0010258475,1.0549308e-05,0.00031373365,3.0379115e-06,0.00016316361,2.2815588e-07
37.763863,12.418137,0.0012777232,1.3344835e-05,0.00039066945,3.8438043e-06,0.00020330894,2.8513077e-07
37.864033,12.4510765,0.0015837018,1.6799764e-05,0.00048411402,4.8399684e-06,0.00025209266,3.546626e-07
37.964203,12.484016,0.0019546947,2.1079666e-05,0.0005973758,6.074082e-06,0.00031127504,4.393303e-07
38.064373,12.516955,0.0024021717,2.6314201e-05,0.0007339442,7.5836633e-06,0.00038269628,5.4168515e-07
38.16454,12.549894,0.0029383223,3.2699907e-05,0.00089753844,9.425491e-06,0.00046830333,6.6483244e-07
38.264713,12.582834,0.0035784736,4.043031e-05,0.0010928094,1.1655574e-05,0.00057056616,8.123414e-07
38.364876,12.615771,0.0043393094,4.9816048e-05,0.0013248184,1.4363248e-05,0.0006921736,9.883831e-07
38.46505,12.648713,0.0052386993,6.112678e-05,0.0015990011,1.7626558e-05,0.00083599443,1.1973925e-06
38.56522,12.681652,0.0062974123,7.463216e-05,0.0019216463,2.1523818e-05,0.0010053872,1.4441539e-06
38.66539,12.714592,0.007537747,9.078317e-05,0.0022995102,2.618467e-05,0.0012039521,1.7344348e-06
38.765556,12.747531,0.008984253,0.00010998598,0.0027400202,3.1726566e-05,0.0014356658,2.074262e-06
38.865726,12.780471,0.010663197,0.00013281454,0.0032511163,3.831408e-05,0.0017047849,2.4704677e-06
38.965897,12.813409,0.012601836,0.00015968985,0.0038410502,4.607004e-05,0.0020157206,2.9298353e-06
39.06607,12.846351,0.014830952,0.00019124083,0.0045190873,5.5175482e-05,0.0023734956,3.4601383e-06
39.166233,12.879288,0.017380232,0.00022810252,0.0052942005,6.581397e-05,0.002782928,4.0692685e-06
39.266407,12.912229,0.020283606,0.00027104473,0.006176569,7.820684e-05,0.0032495796,4.7659996e-06
39.366573,12.945167,0.023575295,0.00032103216,0.007176428,9.262897e-05,0.0037790893,5.5595115e-06
39.466743,12.978107,0.02728731,0.00037882265,0.008303433,0.00010930038,0.004376675,6.458576e-06
39.566914,13.011045,0.031455185,0.0004453243,0.009568137,0.0001284824,0.005048245,7.4726295e-06
39.667084,13.043985,0.03611048,0.0005214024,0.010979999,0.00015042661,0.005798997,8.610627e-06
39.76725,13.076924,0.041288394,0.0006086121,0.012549381,0.00017557007,0.00663486,9.882776e-06
39.86742,13.109863,0.04701737,0.0007076726,0.014284737,0.00020412696,0.0075605763,1.1297322e-05
39.96759,13.142803,0.05332778,0.00082013255,0.016194925,0.00023653341,0.0085813375,1.2863544e-05
40.067764,13.175743,0.060245812,0.00094727246,0.018287534,0.00027315467,0.009701654,1.4589714e-05
40.167927,13.20868,0.06779139,0.0010903658,0.020568276,0.00031435417,0.010925032,1.6482763e-05
40.2681,13.241622,0.0759843,0.0012508893,0.023042688,0.0003605497,0.012255036,1.854975e-05
40.368267,13.274561,0.08483456,0.0014301032,0.025713392,0.00041210116,0.0136936335,2.0795329e-05
40.468437,13.3075,0.09435227,0.0016299968,0.028582867,0.0004695587,0.0152429305,2.322491e-05
40.568607,13.34044,0.104535624,0.0018516191,0.031650066,0.0005332256,0.01690305,2.584013e-05
40.668777,13.37338,0.1153797,0.002096974,0.034912873,0.00060365145,0.018673712,2.8642986e-05
40.768948,13.406319,0.12687081,0.0023674448,0.038366508,0.000681223,0.020553214,3.1632535e-05
40.869114,13.439257,0.13898876,0.0026647076,0.04200416,0.0007663994,0.022538848,3.4806664e-05
40.969284,13.472198,0.15170424,0.002990236,0.045816287,0.0008595845,0.024626423,3.8160637e-05
41.069458,13.505137,0.16498251,0.0033457242,0.04979161,0.00096123427,0.026810937,4.168875e-05
41.16962,13.5380745,0.17877729,0.0037325742,0.053915393,0.0010717236,0.02908546,4.538181e-05
41.269794,13.571016,0.19304109,0.004152533,0.058172446,0.0011915123,0.031442963,4.9230875e-05
41.36996,13.603953,0.20771274,0.0046068616,0.062543534,0.001320927,0.033874117,5.3222622e-05
41.470135,13.636895,0.22273089,0.0050972463,0.067009285,0.001460398,0.036369603,5.734433e-05
41.5703,13.669833,0.23802401,0.00562477,0.0715473,0.0016101928,0.038918402,6.157932e-05
41.67047,13.702772,0.25351816,0.0061910227,0.07613447,0.0017706996,0.041509114,6.591153e-05
41.77064,13.735712,0.26913467,0.0067968424,0.08074634,0.001942111,0.04412949,7.032121e-05
41.870808,13.768651,0.28479224,0.0074435617,0.08535765,0.0021247314,0.046766825,7.47896e-05
41.970978,13.80159,0.30040836,0.008132381,0.08994283,0.0023188235,0.049408175,7.929715e-05
42.071148,13.83453,0.3158999,0.00886418,0.09447617,0.0025245594,0.05204046,8.382299e-05
42.171314,13.867468,0.33118406,0.009639949,0.09893218,0.0027421291,0.054650515,8.834686e-05
42.271484,13.900407,0.3461793,0.010460302,0.10328589,0.002971623,0.057225354,9.284715e-05
42.371655,13.933347,0.36080846,0.011326365,0.1075136,0.003213241,0.059752624,9.730623e-05
42.471825,13.966288,0.37499785,0.012238445,0.1115928,0.0034669766,0.062220424,0.00010170347
42.571995,13.999226,0.38867825,0.01319727,0.115502514,0.0037329188,0.064617485,0.000106021485
42.67216,14.032165,0.40178567,0.014203521,0.11922337,0.004011123,0.06693335,0.000110245936
42.772335,14.065106,0.41426536,0.015257436,0.12273889,0.0043015475,0.0691589,0.00011436075
42.872498,14.098043,0.4260663,0.016359558,0.12603389,0.0046041957,0.07128558,0.00011835581
42.97267,14.130983,0.43714857,0.017510442,0.12909654,0.00491908,0.07330658,0.00012222258
43.07284,14.163923,0.44747767,0.018710459,0.1319168,0.0052461475,0.07521586,0.00012595637
43.17301,14.196862,0.45702755,0.019959418,0.13448733,0.005585222,0.07700859,0.00012954946
43.27318,14.229801,0.4657809,0.021258086,0.13680342,0.0059363293,0.078681424,0.00013300624
43.37335,14.262741,0.4737283,0.022606665,0.13886288,0.006299365,0.08023221,0.00013633056
43.47352,14.29568,0.48086694,0.024005227,0.14066555,0.006674186,0.081659734,0.00013952788
43.573692,14.328621,0.48720276,0.025454503,0.14221394,0.007060798,0.08296424,0.00014261447
43.673855,14.361559,0.4927457,0.026953794,0.14351206,0.007458871,0.08414654,0.00014559725
43.77403,14.394499,0.4975145,0.028504208,0.14456624,0.00786849,0.08520887,0.00014850244
43.87419,14.427436,0.5015316,0.030105796,0.14538427,0.008289478,0.086154036,0.00015135463
43.974365,14.460378,0.5048246,0.031758685,0.14597534,0.008721698,0.08698566,0.0001541766
44.074535,14.493316,0.50742424,0.033463053,0.14634977,0.009165001,0.08770794,0.00015700168
44.174706,14.526257,0.50936496,0.035219215,0.14651889,0.00961927,0.08832554,0.00015986484
44.27487,14.559195,0.51068383,0.037027653,0.14649478,0.010084429,0.08884371,0.00016280935
44.375042,14.5921335,0.5114188,0.038888644,0.1462899,0.010560347,0.089267775,0.00016587868
44.475212,14.625073,0.51160896,0.040802207,0.14591698,0.011046839,0.089603305,0.00016911686
44.575386,14.658015,0.51129395,0.042769443,0.14538887,0.011543945,0.089856,0.0001725871
44.67555,14.690952,0.51051307,0.04478976,0.14471842,0.012051342,0.09003145,0.0001763351
44.775723,14.723892,0.5093043,0.046863824,0.14391789,0.01256899,0.09013518,0.00018042103
44.875893,14.756833,0.50770557,0.048992492,0.14299951,0.013096853,0.09017268,0.00018492164
44.97606,14.78977,0.50575197,0.051175456,0.1419748,0.0136346845,0.09014903,0.00018989242
45.07623,14.82271,0.50347805,0.05341426,0.14085485,0.01418259,0.09006927,0.00019542716
45.1764,14.85565,0.50091475,0.055707917,0.13964982,0.014740174,0.08993788,0.0002015762
45.27657,14.888589,0.49809214,0.05805792,0.13836946,0.015307537,0.08975923,0.00020844095
45.37674,14.921529,0.4950372,0.06046513,0.13702254,0.015884642,0.08953729,0.00021611294
45.476906,14.954468,0.49177495,0.0629287,0.13561736,0.01647111,0.0892756,0.00022465964
45.57708,14.987408,0.48832732,0.065450236,0.13416106,0.017067071,0.0889774,0.00023419048
45.677242,15.020345,0.48471498,0.06803002,0.13266054,0.017672347,0.08864563,0.00024480576
45.777416,15.053287,0.48095515,0.07066929,0.13112147,0.01828699,0.088282794,0.00025661488
45.877586,15.0862255,0.47706562,0.07336823,0.12954964,0.018910805,0.087891534,0.0002697213
45.977757,15.119165,0.47305867,0.07612688,0.12794939,0.0195436,0.087473504,0.00028421968
46.077923,15.152103,0.46894684,0.07894657,0.12632494,0.020185404,0.087030545,0.0003002413
46.178093,15.185042,0.4647403,0.0818294,0.124679744,0.020836396,0.08656406,0.00031794203
46.278263,15.217982,0.46044636,0.0847742,0.12301665,0.021496149,0.08607492,0.0003373979
46.378433,15.250923,0.45607224,0.0877831,0.12133824,0.022164833,0.08556416,0.00035876903
46.4786,15.28386,0.45162547,0.090855815,0.119647086,0.022842174,0.08503286,0.00038216784
46.578773,15.316802,0.44710934,0.09399493,0.11794462,0.023528438,0.08448137,0.00040776868
46.678936,15.349739,0.44252735,0.09720052,0.11623249,0.024223393,0.08391001,0.000435703
46.77911,15.382679,0.43788463,0.10047358,0.11451217,0.024927026,0.08331965,0.00046610547
46.87928,15.415619,0.4331822,0.10381544,0.11278463,0.025639324,0.08271023,0.000499147
46.97945,15.448559,0.42842466,0.10722848,0.111051224,0.026360495,0.082082555,0.0005350222
47.079617,15.481496,0.42361206,0.110712215,0.109312445,0.027090237,0.08143647,0.0005738437
47.179787,15.514437,0.4187471,0.1142679,0.10756923,0.027828539,0.080772415,0.0006157775
47.279957,15.547377,0.41383222,0.11789792,0.1058224,0.028575588,0.08009083,0.0006610338
47.38013,15.580317,0.40887108,0.12160443,0.1040729,0.029331526,0.07939243,0.00070981676
47.480293,15.613254,0.40386593,0.12538762,0.102321595,0.030096151,0.078677624,0.00076228
47.580467,15.646195,0.39882118,0.12924866,0.10056942,0.030869445,0.07794736,0.00081858644
47.680634,15.679132,0.393742,0.13318881,0.098817736,0.03165138,0.07720272,0.00087893684
47.780804,15.712072,0.38863462,0.13721195,0.09706781,0.03244238,0.076445125,0.0009436024
47.880974,15.745013,0.38350534,0.14131673,0.09532115,0.03324197,0.075675845,0.0010126898
47.981144,15.777951,0.3783673,0.14550622,0.093580306,0.034050424,0.074897915,0.0010864618
48.08131,15.81089,0.37322587,0.14978255,0.09184659,0.03486784,0.074112415,0.0011651554
48.18148,15.84383,0.36810014,0.15414627,0.090123594,0.035694066,0.073323674,0.0012489486
48.28165,15.876769,0.36300364,0.15860039,0.08841398,0.03652932,0.07253475,0.0013381252
48.381824,15.909711,0.35795003,0.16314346,0.086720414,0.03737314,0.07174873,0.0014327831
48.481987,15.942648,0.35296795,0.16778113,0.085048534,0.038226116,0.0709719,0.0015333471
48.58216,15.975588,0.34807733,0.17251225,0.08340221,0.039087825,0.07020871,0.0016399225
48.682327,16.008526,0.343304,0.1773361,0.081786424,0.039957866,0.069464974,0.0017526724
48.7825,16.041468,0.33868122,0.18225881,0.08020719,0.040836915,0.06874821,0.0018720414
48.882668,16.074406,0.33423886,0.18727876,0.07867043,0.041724414,0.06806502,0.0019981605
48.982838,16.107346,0.33001497,0.19239761,0.07718302,0.042620316,0.06742404,0.0021312998
49.083008,16.140285,0.3260488,0.19761671,0.07575226,0.04352452,0.06683409,0.002271728
49.183174,16.173223,0.32238165,0.20293821,0.074385814,0.044437006,0.06630446,0.0024197628
49.283344,16.206163,0.31905982,0.20836134,0.07309224,0.045357343,0.065845564,0.0025755838
49.38352,16.239105,0.3161317,0.21388926,0.07188022,0.04628564,0.06546835,0.0027395708
49.48368,16.272041,0.3136426,0.2195194,0.07075816,0.047221206,0.06518301,0.0029118466
49.583855,16.304981,0.3116493,0.22525534,0.069736116,0.048164174,0.065002404,0.0030928114
49.68402,16.337921,0.3102047,0.23109774,0.06882367,0.04911425,0.06493847,0.0032827738
49.784195,16.370861,0.3093562,0.23704696,0.068029165,0.05007116,0.065001994,0.0034819893
49.88436,16.4038,0.30916145,0.24310432,0.06736281,0.05103465,0.065206036,0.0036908076
49.98453,16.436739,0.30967227,0.24927086,0.066833414,0.052004494,0.06556248,0.003909557
50.084698,16.469679,0.3109366,0.25554702,0.066449374,0.05298034,0.066082165,0.0041385414
50.184864,16.502615,0.3130026,0.2619345,0.066218704,0.05396203,0.06677621,0.0043781293
50.285034,16.535555,0.31591913,0.2684347,0.06614939,0.054949332,0.06765585,0.0046287025
50.38521,16.568495,0.31972066,0.2750481,0.066247046,0.055941917,0.06872905,0.0048905713
50.48537,16.601433,0.32444194,0.28177452,0.06651685,0.056939323,0.07000399,0.0051640365
50.585545,16.634375,0.33011627,0.28861767,0.06696361,0.05794164,0.07148847,0.005449602
50.68571,16.667313,0.33676437,0.29557797,0.06758978,0.05894849,0.073187575,0.005747617
50.785885,16.700253,0.34440055,0.3026563,0.068396725,0.059959617,0.07510488,0.00605841
50.88605,16.733192,0.3530321,0.30985275,0.06938421,0.06097459,0.07724245,0.0063823084
50.98622,16.766132,0.36266124,0.3171711,0.07055076,0.06199352,0.07960134,0.006719848
51.08639,16.79907,0.37327582,0.32461098,0.07189266,0.06301595,0.08217921,0.007071302
51.186558,16.832008,0.3848578,0.3321735,0.07340457,0.06404163,0.08497265,0.0074370527
51.286728,16.86495,0.3973835,0.3398591,0.07508029,0.065070264,0.087976776,0.007817422
51.386898,16.897888,0.4108165,0.3476679,0.076911174,0.06610146,0.09118399,0.008212723
51.487064,16.930826,0.42511436,0.35559988,0.07888757,0.06713488,0.094585285,0.008623247
51.587234,16.963766,0.44022784,0.36365455,0.080998205,0.06817008,0.09817019,0.009049275
51.687405,16.996706,0.45610029,0.3718296,0.08323084,0.06920641,0.1019265,0.009490969
51.787575,17.029646,0.4726665,0.38012215,0.085571475,0.07024317,0.10584012,0.009948454
51.887745,17.062586,0.48985985,0.3885287,0.08800588,0.071279556,0.1098966,0.010421824
51.98791,17.095522,0.50760645,0.39704165,0.09051878,0.07231427,0.11407981,0.010910908
52.088085,17.128464,0.5258306,0.40565526,0.09309447,0.07334628,0.11837326,0.011415663
52.188248,17.161402,0.54445195,0.41435936,0.0957167,0.074373916,0.12275923,0.011935797
52.28842,17.194342,0.5633944,0.42314386,0.09836974,0.07539554,0.12722106,0.012471017
52.38859,17.227282,0.5825754,0.4319925,0.10103721,0.0764088,0.13174056,0.013020642
52.48876,17.260221,0.6019123,0.44088945,0.103702955,0.07741128,0.13629937,0.013584067
52.58893,17.29316,0.6213294,0.44981578,0.106351964,0.07840023,0.14088073,0.014160484
52.6891,17.3261,0.64075065,0.4587478,0.1089697,0.07937237,0.14546768,0.0147487745
52.78927,17.35904,0.6601003,0.46765932,0.1115416,0.080323905,0.15004328,0.0153477155
52.889442,17.39198,0.6793107,0.4765228,0.11405522,0.081251025,0.15459234,0.015956016
52.989605,17.424917,0.69831204,0.48530623,0.116497636,0.08214922,0.15909913,0.016572135
53.08978,17.457859,0.7170452,0.4939736,0.1188583,0.08301361,0.1635502,0.017194223
53.189945,17.490795,0.73545057,0.50248843,0.12112677,0.083839126,0.167932,0.017820502
53.290115,17.523735,0.75347507,0.5108092,0.12329407,0.084620126,0.17223226,0.018448785
53.390285,17.556675,0.7710669,0.51889366,0.12535194,0.0853509,0.176439,0.019076923
53.490456,17.589615,0.7881851,0.5266982,0.12729396,0.086025566,0.1805427,0.01970263
53.590622,17.622553,0.80478734,0.534178,0.12911388,0.08663805,0.18453327,0.02032357
53.690792,17.655493,0.82083595,0.5412864,0.1308068,0.08718217,0.18840176,0.020937206
53.790962,17.688433,0.836299,0.54797876,0.13236858,0.08765199,0.19214046,0.021541176
53.891136,17.721373,0.85115004,0.5542124,0.13379638,0.088041805,0.19574277,0.022133205
53.9913,17.75431,0.8653591,0.55994236,0.13508731,0.08834584,0.19920132,0.022710728
54.091473,17.78725,0.87890357,0.5651291,0.13623953,0.088559,0.20251034,0.023271512
54.19164,17.820189,0.8917653,0.56973827,0.13725229,0.088676885,0.20566508,0.023813665
54.29181,17.85313,0.9039298,0.57373923,0.13812521,0.0886956,0.20866156,0.024335418
54.39198,17.886068,0.9153803,0.5771042,0.13885814,0.088611856,0.21149531,0.024835011
54.49215,17.919008,0.92610365,0.579813,0.13945147,0.088423386,0.21416263,0.025311152
54.59232,17.951948,0.93609387,0.5818554,0.13990653,0.08812908,0.21666154,0.025763176
54.692486,17.984886,0.94534266,0.5832207,0.14022444,0.08772827,0.21898942,0.026190054
54.792656,18.017826,0.95384765,0.58391213,0.14040747,0.08722193,0.22114517,0.026591672
54.89283,18.050768,0.96160704,0.58394164,0.14045759,0.08661198,0.22312766,0.026968535
54.992992,18.083704,0.9686197,0.5833255,0.14037734,0.08590148,0.22493608,0.027321024
55.093166,18.116644,0.9748932,0.5820888,0.14017002,0.085094355,0.2265716,0.027650194
55.193333,18.149584,0.9804335,0.5802659,0.13983895,0.08419602,0.22803506,0.027957443
55.293507,18.182524,0.9852497,0.57789874,0.13938774,0.08321263,0.22932795,0.02824482
55.393673,18.215462,0.9893518,0.57503474,0.13882034,0.08215136,0.23045218,0.02851437
55.493843,18.248402,0.99275637,0.57172716,0.1381412,0.08102007,0.23141105,0.028768614
55.594013,18.281342,0.9954818,0.56803733,0.13735503,0.07982763,0.23220846,0.029010555
55.694187,18.314283,0.9975464,0.5640327,0.13646676,0.07858349,0.23284817,0.029243642
55.79435,18.34722,0.9989704,0.55977637,0.1354814,0.07729715,0.23333453,0.029470697
55.894524,18.38016,0.99977964,0.5553425,0.13440444,0.075978756,0.23367314,0.029695693
55.994686,18.413097,1.0,0.55080384,0.13324149,0.07463862,0.2338697,0.029922297
56.09486,18.44604,0.9996578,0.5462299,0.13199806,0.07328654,0.23393005,0.030154012
56.19503,18.478977,0.9987807,0.5416944,0.13068016,0.07193282,0.23386033,0.030394664
56.2952,18.511917,0.9973974,0.53726685,0.12929328,0.070586875,0.23366694,0.030648014
56.395367,18.544855,0.9955405,0.53301865,0.12784363,0.069258265,0.2333573,0.030918075
56.495537,18.577795,0.9932381,0.52900875,0.12633677,0.067955256,0.23293766,0.031207811
56.595707,18.610735,0.9905202,0.5252995,0.12477846,0.06668598,0.23241487,0.031520847
56.69588,18.643677,0.98741525,0.5219435,0.123174086,0.06545741,0.23179542,0.031860158
56.796043,18.676613,0.98395324,0.5189895,0.1215293,0.064276025,0.23108608,0.032228474
56.896217,18.709555,0.98016334,0.5164841,0.11984913,0.063147314,0.23029359,0.032628894
56.996384,18.742493,0.9760703,0.514461,0.11813866,0.062075756,0.22942357,0.033063352
57.096554,18.77543,0.97170055,0.5129534,0.11640238,0.06106497,0.2284822,0.03353422
57.196724,18.80837,0.9670774,0.5119844,0.114644855,0.06011767,0.22747475,0.03404309
57.296894,18.84131,0.96222544,0.51157653,0.112870276,0.0592359,0.2264069,0.034591872
57.397064,18.87425,0.95716363,0.5117369,0.11108235,0.05842026,0.22528312,0.035181217
57.49723,18.907188,0.95191056,0.512474,0.109284624,0.057671145,0.22410768,0.03581212
57.5974,18.940128,0.9464838,0.51379263,0.10748026,0.056987975,0.22288471,0.03648573
57.697575,18.973068,0.9408999,0.51569283,0.105672225,0.05636982,0.22161809,0.037202727
57.797737,19.006006,0.93517375,0.51816493,0.10386334,0.05581468,0.22031127,0.037963077
57.89791,19.038948,0.9293147,0.5211984,0.10205559,0.055320304,0.2189665,0.03876681
57.998077,19.071886,0.92333573,0.5247847,0.10025144,0.05488427,0.2175869,0.039614387
58.09825,19.104826,0.91724485,0.52890486,0.0984524,0.05450342,0.21617435,0.040505216
58.198418,19.137766,0.91105163,0.5335409,0.09666029,0.054174278,0.21473126,0.041439045
58.298588,19.170704,0.90476197,0.5386795,0.09487646,0.053893935,0.213259,0.042416
58.398758,19.203644,0.8983805,0.5442983,0.09310182,0.053658474,0.21175876,0.04343555
58.498924,19.236582,0.8919141,0.5503755,0.09133795,0.053464472,0.21023232,0.044496838
58.599094,19.269522,0.88536805,0.5568915,0.08958579,0.05330811,0.20868091,0.04559968
58.69927,19.302464,0.8787456,0.5638296,0.08784586,0.05318606,0.2071055,0.046743963
58.79943,19.3354,0.872048,0.5711613,0.08611892,0.05309456,0.20550653,0.047928113
58.899605,19.36834,0.8652805,0.57887167,0.08440575,0.05303044,0.20388524,0.04915217
58.99977,19.40128,0.85844636,0.58694315,0.082707055,0.05299042,0.20224264,0.050415896
59.099945,19.434221,0.8515447,0.5953549,0.081022635,0.052971333,0.20057866,0.051718447
59.20011,19.46716,0.8445793,0.60408586,0.079353265,0.05297007,0.19889434,0.053058866
59.30028,19.500097,0.8375553,0.613123,0.07769975,0.052984152,0.19719099,0.054437082
59.40045,19.533037,0.83046955,0.62244534,0.07606156,0.053010598,0.19546807,0.05585203
59.500618,19.565977,0.8233319,0.63203984,0.074440144,0.05304728,0.19372803,0.057303384
59.60079,19.598915,0.8161392,0.6418904,0.07283483,0.053091727,0.19197033,0.058790497
59.70096,19.631855,0.8088984,0.65198046,0.07124667,0.05314175,0.19019671,0.060312476
59.80113,19.664793,0.8016089,0.6622989,0.06967518,0.053195346,0.18840729,0.061869152
59.901295,19.697733,0.7942807,0.6728275,0.068121895,0.05325062,0.18660447,0.06345915
60.001465,19.730673,0.78691083,0.6835539,0.066585824,0.053305663,0.1847878,0.065082036
60.101635,19.763613,0.7795094,0.69446385,0.06506841,0.05335919,0.18295977,0.06673665
60.201805,19.79655,0.7720775,0.7055476,0.063569315,0.05340939,0.18112084,0.06842286
60.30197,19.82949,0.76462126,0.7167876,0.062089205,0.05345478,0.17927262,0.07013909
60.402145,19.86243,0.7571465,0.7281763,0.06062834,0.053494155,0.17741653,0.071885176
60.502308,19.895367,0.7496568,0.739697,0.059186958,0.053526092,0.17555375,0.0736596
60.60248,19.928308,0.742159,0.75133646,0.057765525,0.053549364,0.17368588,0.07546129
60.702652,19.961248,0.73465693,0.76308376,0.056364194,0.053562954,0.17181407,0.07728937
60.802822,19.994188,0.72715855,0.77493167,0.054983594,0.053565953,0.16994028,0.07914348
60.90299,20.027126,0.71967083,0.7868625,0.05362412,0.05355711,0.16806631,0.08102184
61.00316,20.060066,0.7121941,0.79886824,0.0522854,0.05353565,0.16619238,0.08292384
61.10333,20.093006,0.7047411,0.8109384,0.05096876,0.053500965,0.16432163,0.08484839
61.203503,20.125946,0.69731086,0.82305986,0.049673494,0.05345193,0.16245396,0.086794294
61.303665,20.158884,0.6899116,0.835222,0.04840022,0.053388044,0.16059141,0.08876034
61.40384,20.191824,0.68255085,0.8474213,0.047149435,0.05330875,0.15873587,0.09074648
61.504005,20.224762,0.6752287,0.85964304,0.045920793,0.053213336,0.15688753,0.09275094
61.604176,20.257704,0.6679526,0.87188405,0.044714645,0.05310162,0.15504818,0.09477346
61.704346,20.290642,0.6607259,0.88413054,0.04353119,0.052972905,0.1532188,0.09681245
61.804516,20.323582,0.653552,0.896381,0.042370178,0.052827004,0.15140022,0.098867804
61.904682,20.35652,0.64643496,0.90862525,0.0412319,0.052663777,0.14959353,0.10093811
62.004852,20.38946,0.63937896,0.92086315,0.04011652,0.052483175,0.1477999,0.103023395
62.105022,20.4224,0.63238317,0.9330874,0.03902341,0.052284703,0.14601909,0.10512293
62.205196,20.45534,0.6254526,0.94528913,0.03795292,0.05206845,0.14425242,0.107235305
62.30536,20.488276,0.61859107,0.95747143,0.03690515,0.05183458,0.14250095,0.10936086
62.405533,20.521217,0.6117944,0.9696271,0.035879288,0.051582962,0.14076377,0.11149857
62.5057,20.554157,0.6050674,0.9817544,0.0348756,0.05131391,0.13904205,0.11364797
62.605873,20.587097,0.59841186,0.9938597,0.033894025,0.051027607,0.13733634,0.11580997
62.70604,20.620035,0.5918258,1.005934,0.032933965,0.05072427,0.13564625,0.11798291
62.80621,20.652975,0.5853083,1.0179768,0.031995177,0.050404184,0.1339717,0.120166555
62.90638,20.685915,0.57886183,1.0299923,0.03107768,0.0500677,0.1323133,0.122361295
63.006546,20.718853,0.5724859,1.0419794,0.030181142,0.049715247,0.1306711,0.12456664
63.106716,20.751793,0.56617683,1.0539434,0.02930483,0.04934717,0.12904418,0.1267831
63.20689,20.784733,0.5599341,1.065879,0.028448645,0.048963707,0.12743266,0.12900972
63.307053,20.81767,0.55376107,1.0777916,0.027612733,0.048565686,0.12583737,0.13124667
63.407227,20.850613,0.5476511,1.0896838,0.026796093,0.04815333,0.12425682,0.13349421
63.507393,20.883549,0.54160327,1.1015528,0.02599845,0.04772702,0.12269088,0.13575155
63.607567,20.91649,0.5356189,1.1134101,0.025219755,0.047287427,0.12113996,0.13802002
63.707733,20.949429,0.5296949,1.1252543,0.024459548,0.046834987,0.11960346,0.140299
63.807903,20.982368,0.5238281,1.137084,0.02371731,0.046370216,0.11808066,0.1425879
63.908073,21.015308,0.518019,1.1489084,0.022992892,0.045893572,0.11657179,0.14488776
64.00824,21.048246,0.5122652,1.1607277,0.022285882,0.045405537,0.11507639,0.14719826
64.10841,21.081186,0.50656307,1.1725442,0.021595787,0.04490662,0.11359368,0.14951938
64.20858,21.114126,0.500911,1.184361,0.02092227,0.04439727,0.11212342,0.15185115
64.30875,21.147064,0.49531162,1.196184,0.020265402,0.043878093,0.11066626,0.15419407
64.40892,21.180004,0.4897576,1.2080122,0.019624349,0.043349378,0.10922059,0.1565477
64.50909,21.212942,0.4842494,1.2198528,0.018999003,0.04281178,0.10778662,0.15891267
64.60926,21.245884,0.47878477,1.2317061,0.01838895,0.042265605,0.10636387,0.16128881
64.70943,21.278822,0.47336423,1.2435763,0.017794168,0.041711494,0.104952626,0.16367613
64.8096,21.311764,0.46798325,1.255467,0.017214023,0.04114963,0.103551865,0.16607516
64.90977,21.344702,0.46264002,1.2673823,0.016648224,0.040580697,0.10216126,0.16848597
65.00993,21.37764,0.45733538,1.2793231,0.016096752,0.040004995,0.100781135,0.17090839
65.11011,21.410582,0.45206705,1.2912928,0.015559199,0.039422944,0.09941097,0.17334263
65.21028,21.443521,0.44683194,1.3032998,0.015035183,0.038834974,0.09805022,0.17578964
65.31044,21.476458,0.4416294,1.315342,0.014524541,0.038241666,0.096698806,0.17824866
65.410614,21.509398,0.4364582,1.3274258,0.014027027,0.037643135,0.09535652,0.18072051
65.51078,21.542337,0.43131644,1.3395505,0.0135423485,0.03703986,0.094023034,0.18320471
65.610954,21.575277,0.42620307,1.3517288,0.013070278,0.036432307,0.09269816,0.18570288
65.71112,21.608215,0.4211147,1.3639554,0.012610448,0.0358208,0.09138126,0.18821393
65.811295,21.641157,0.41605315,1.3762373,0.012162896,0.035205826,0.09007283,0.19073848
65.91146,21.674095,0.41101494,1.3885804,0.011727208,0.03458761,0.088772155,0.1932773
66.011635,21.707037,0.40599877,1.4009901,0.011303175,0.03396662,0.08747904,0.19583087
66.1118,21.739975,0.40100366,1.4134657,0.010890613,0.0333432,0.08619339,0.19839868
66.21197,21.772911,0.39602703,1.4260136,0.010489218,0.032717556,0.08491465,0.20098168
66.31214,21.805853,0.39106882,1.4386394,0.010098908,0.03209027,0.083642974,0.20358014
66.41231,21.838793,0.38612658,1.4513448,0.009719335,0.031461507,0.08237784,0.2061943
66.512474,21.871729,0.38119993,1.464139,0.009350411,0.030831825,0.08111932,0.208825
66.61265,21.90467,0.37628776,1.4770224,0.008991947,0.030201435,0.07986725,0.21147223
66.712814,21.937609,0.37138817,1.4900019,0.008643688,0.029570684,0.07862125,0.21413666
66.81299,21.97055,0.36649904,1.5030756,0.008305372,0.028939817,0.07738099,0.21681786
66.913155,22.003489,0.3616192,1.5162541,0.007976793,0.028309235,0.07614625,0.21951708
67.01333,22.03643,0.35675043,1.5295391,0.00765799,0.027679356,0.0749176,0.22223425
67.113495,22.069366,0.3518889,1.5429298,0.007348555,0.02705028,0.07369422,0.2249691
67.21366,22.102306,0.3470351,1.5564368,0.007048391,0.026422625,0.07247633,0.22772284
67.313835,22.135248,0.3421868,1.5700548,0.0067572184,0.025796475,0.07126348,0.23049444
67.414,22.168184,0.33734596,1.583784,0.0064750374,0.025172241,0.07005625,0.2332836
67.51417,22.201124,0.33251044,1.5976245,0.0062015466,0.024550095,0.068854235,0.23609012
67.61434,22.234064,0.3276792,1.6115808,0.0059365104,0.02393034,0.067657225,0.23891442
67.71451,22.267002,0.3228534,1.6256512,0.005679831,0.023313481,0.0664656,0.24175574
67.81468,22.299944,0.3180335,1.6398295,0.005431347,0.022699503,0.0652795,0.24461314
67.91485,22.332882,0.3132206,1.6541164,0.0051909303,0.022088947,0.06409923,0.24748613
68.015015,22.365822,0.30841383,1.6685051,0.004958316,0.021482008,0.062924616,0.25037345
68.11519,22.398762,0.3036139,1.6829873,0.0047333236,0.020878894,0.061755877,0.2532735
68.215355,22.4317,0.29882318,1.697554,0.004515864,0.020279838,0.06059357,0.25618464
68.31553,22.46464,0.2940428,1.7121959,0.0043057594,0.019685153,0.059437953,0.259105
68.415695,22.497578,0.28927633,1.7269002,0.0041028843,0.019095255,0.05828975,0.26203212
68.51586,22.530518,0.28452274,1.7416495,0.0039069885,0.018510163,0.057148818,0.2649632
68.616035,22.563457,0.27978405,1.756428,0.0037178872,0.017930217,0.05601554,0.2678952
68.7162,22.596395,0.2750663,1.7712145,0.0035356216,0.017355783,0.054891255,0.27082437
68.81637,22.629335,0.27036977,1.7859838,0.0033599327,0.016787084,0.05377601,0.2737464
68.91654,22.662275,0.26569602,1.8007067,0.0031906022,0.01622415,0.052670073,0.27665648
69.016716,22.695217,0.26104838,1.8153561,0.003027518,0.015667472,0.051574137,0.27954978
69.11688,22.728155,0.2564324,1.8298953,0.0028706503,0.01511734,0.050489377,0.28241998
69.21705,22.761093,0.25184882,1.844282,0.0027197532,0.014573897,0.049415886,0.28526008
69.31722,22.794033,0.24730016,1.8584762,0.0025746685,0.014037406,0.04835413,0.28806332
69.41739,22.826973,0.24279097,1.8724242,0.0024353014,0.013508268,0.047305025,0.2908206
69.517555,22.859911,0.23832431,1.8860753,0.002301551,0.012986696,0.046269204,0.2935233
69.61772,22.892849,0.2339022,1.8993617,0.0021732338,0.012472818,0.045247,0.29616058
69.7179,22.925793,0.22952789,1.9122262,0.0020502242,0.011967114,0.044238996,0.29872242
69.81806,22.958729,0.22520337,1.9245864,0.0019323747,0.011469769,0.043245584,0.30119535
69.91824,22.991673,0.22093084,1.9363694,0.0018195539,0.010981108,0.04226713,0.30356714
70.01841,23.02461,0.21671529,1.947485,0.0017117237,0.010501531,0.041304626,0.30582282
70.118576,23.057547,0.21255627,1.957838,0.001608679,0.010031136,0.040357888,0.30794677
70.21874,23.090487,0.20845544,1.9673266,0.001510254,0.009570232,0.039427124,0.30992216
70.31892,23.123428,0.2044147,1.975847,0.0014163548,0.009119153,0.038512636,0.3117317
70.41908,23.156364,0.20043798,1.9832822,0.0013269205,0.008678319,0.037615154,0.3133562
70.51925,23.189304,0.19652423,1.9895091,0.0012417587,0.00824778,0.036734346,0.31477538
70.61942,23.222244,0.19267622,1.9944055,0.00116077,0.007828006,0.03587059,0.31596902
70.7196,23.255186,0.18889436,1.9978355,0.0010837945,0.0074191694,0.03502382,0.31691486
70.819756,23.28812,0.18518053,1.9996628,0.0010107202,0.0070215194,0.03419423,0.31759062
70.91993,23.321062,0.18153691,1.9997486,0.00094144867,0.0066352487,0.033382077,0.31797346
71.0201,23.354002,0.17796612,1.9979562,0.00087585783,0.006260711,0.032587603,0.31804085
71.12027,23.386942,0.17446983,1.9941423,0.00081379834,0.0058980216,0.031810865,0.31776935
71.22044,23.419884,0.17104946,1.9881687,0.000755118,0.005547354,0.031051844,0.31713638
71.32061,23.45282,0.16771221,1.9799079,0.0006997788,0.0052090613,0.030311601,0.31612086
71.42078,23.48576,0.16446058,1.9692285,0.0006476146,0.004883152,0.029590227,0.3147015
71.52094,23.518698,0.16129887,1.9560081,0.000598489,0.0045696017,0.02888812,0.31285834
71.62111,23.551636,0.15823433,1.9401467,0.0005523111,0.0042687147,0.028206218,0.31057498
71.72129,23.58458,0.15527248,1.921548,0.00050892,0.0039804676,0.027544992,0.30783558
71.82145,23.617516,0.15242262,1.9001381,0.00046824696,0.0037049244,0.02690577,0.3046282
71.92163,23.650457,0.14969338,1.8758564,0.0004301656,0.0034420749,0.026289536,0.30094296
72.0218,23.683397,0.14709473,1.8486716,0.00039455888,0.00319193,0.025697574,0.2967748
72.12196,23.716335,0.14463603,1.8185656,0.00036128523,0.0029543513,0.025130954,0.29212075
72.22213,23.749273,0.1423309,1.7855543,0.00033028628,0.0027293041,0.024591617,0.28698352
72.3223,23.782213,0.14019015,1.7496682,0.00030142252,0.002516575,0.024080845,0.28136817
72.42247,23.815153,0.1382272,1.7109896,0.0002746043,0.0023162118,0.02360048,0.27528802
72.52264,23.848091,0.13645467,1.6696023,0.000249717,0.0021278702,0.023152132,0.26875696
72.62281,23.881031,0.13488513,1.625634,0.00022665442,0.0019514312,0.022737436,0.26179573
72.722984,23.913973,0.13353203,1.5792364,0.00020534033,0.0017865894,0.02235827,0.2544293
72.82314,23.946909,0.13240756,1.5305943,0.00018566992,0.0016331603,0.022016197,0.24668778
72.92332,23.979849,0.13152198,1.4799055,0.00016753827,0.0014907805,0.021712516,0.23860358
73.02349,24.01279,0.13088562,1.427404,0.00015086056,0.001359236,0.02144858,0.23021483
73.12366,24.045729,0.130508,1.3733492,0.00013557216,0.0012382743,0.021225702,0.22156389
73.22383,24.078669,0.13039449,1.318002,0.000121564975,0.001127451,0.021044416,0.2126934
73.324,24.111609,0.1305495,1.261656,0.000108764994,0.0010264998,0.020905243,0.20365134
73.424164,24.144547,0.13097441,1.2046108,9.708731e-05,0.0009350932,0.020808212,0.19448654
73.52433,24.177485,0.13166802,1.1471694,8.6454726e-05,0.00085286796,0.020752978,0.1852485
73.624504,24.210426,0.13262738,1.0896386,7.681483e-05,0.0007795155,0.02073902,0.17598726
73.72468,24.243366,0.13384448,1.0323358,6.808328e-05,0.00071474334,0.020764962,0.1667546
73.824844,24.276304,0.13530828,0.9755675,6.0192127e-05,0.00065817276,0.020829065,0.1576006
73.92501,24.309242,0.13700509,0.9196233,5.3072938e-05,0.0006095127,0.020929137,0.14857249
74.025185,24.342182,0.13891844,0.8647929,4.667594e-05,0.00056846894,0.021062681,0.1397175
74.12535,24.375122,0.14102824,0.8113507,4.0949413e-05,0.0005347699,0.021226676,0.13108045
74.22552,24.40806,0.14331125,0.7595448,3.5831603e-05,0.0005082027,0.02141756,0.12270177
74.32569,24.441,0.14574082,0.7095959,3.125615e-05,0.0004884712,0.021631246,0.114617504
74.425865,24.473942,0.14828949,0.66171354,2.7185954e-05,0.00047537044,0.021863693,0.10686182
74.52603,24.50688,0.15092792,0.61607933,2.3587592e-05,0.00046871422,0.022110594,0.0994644
74.6262,24.53982,0.15362342,0.57283807,2.0398398e-05,0.00046834847,0.022366991,0.09244883
74.726364,24.572756,0.15634434,0.532127,1.7595676e-05,0.0004742098,0.022628313,0.0858374
74.82654,24.605698,0.1590564,0.49402422,1.5123415e-05,0.000486073,0.022889417,0.079642996
74.926704,24.638638,0.16172728,0.45861447,1.2963827e-05,0.00050397735,0.023145664,0.073879294
75.02688,24.671577,0.16432399,0.42592615,1.1079325e-05,0.0005277768,0.023392217,0.068551056
75.127045,24.704515,0.16681384,0.39598054,9.43574e-06,0.0005574767,0.023624333,0.06366171
75.22722,24.737455,0.1691669,0.3687733,8.008506e-06,0.00059315684,0.023837695,0.059210397
75.327385,24.770395,0.17135492,0.34426975,6.778538e-06,0.0006347913,0.02402831,0.055191543
75.42755,24.803333,0.17335074,0.32242045,5.718802e-06,0.0006824173,0.024192305,0.05159705
75.52772,24.836271,0.17513041,0.30316058,4.8064358e-06,0.0007361493,0.024326302,0.048416283
75.62789,24.869211,0.1766732,0.2863977,4.023541e-06,0.00079606846,0.0244274,0.045634117
75.728065,24.902153,0.17796169,0.2720487,3.3592123e-06,0.0008623582,0.024493292,0.04323689
75.82823,24.935093,0.1789807,0.26000324,2.795683e-06,0.00093512767,0.024521943,0.041206554
75.928406,24.968033,0.17971873,0.25013945,2.317324e-06,0.0010144827,0.024511844,0.03952321
76.02858,25.000973,0.18016796,0.24234693,1.9138013e-06,0.001100668,0.024462081,0.038168687
76.12874,25.033909,0.18032357,0.23649256,1.5737769e-06,0.0011938099,0.024372185,0.03712124
76.228905,25.066847,0.18018438,0.23245896,1.2899491e-06,0.0012941443,0.024242215,0.036361553
76.32908,25.099789,0.17975214,0.23011567,1.0542509e-06,0.0014018447,0.02407265,0.035868283
76.42925,25.132729,0.17903103,0.22933774,8.5800394e-07,0.0015171485,0.023864318,0.035620883
76.52942,25.165668,0.17802796,0.23000161,6.9351626e-07,0.0016402116,0.023618441,0.03559913
76.62959,25.198606,0.1767535,0.23199357,5.608328e-07,0.0017712848,0.023336815,0.035784304
76.72975,25.231543,0.17521857,0.2351956,4.5032687e-07,0.0019105577,0.02302119,0.036157046
76.829926,25.264484,0.17343688,0.23950122,3.603373e-07,0.0020582648,0.022673756,0.036699798
76.93009,25.297422,0.17142367,0.24480572,2.8694694e-07,0.0022146017,0.022296926,0.037395373
77.030266,25.330364,0.16919495,0.2510108,2.2767622e-07,0.0023797723,0.021893159,0.038227588
77.13043,25.363304,0.16676824,0.25802907,1.7983137e-07,0.0025539964,0.02146515,0.039181996
77.230606,25.396242,0.16416085,0.26577404,1.4095038e-07,0.0027374858,0.021015517,0.04024435
77.33078,25.429184,0.16139127,0.27416646,1.0998171e-07,0.0029304293,0.020547051,0.041401565
77.43094,25.46212,0.15847814,0.2831332,8.557379e-08,0.0031330052,0.020062532,0.042641565
77.531105,25.495058,0.15543932,0.2926105,6.647814e-08,0.003345445,0.0195646,0.04395374
77.63128,25.528,0.15229169,0.30253512,5.0239187e-08,0.003567954,0.019055698,0.045327596
77.73145,25.560942,0.14905392,0.3128504,3.837021e-08,0.0038006445,0.01853859,0.04675379
77.83162,25.593878,0.14574246,0.32350564,2.9296315e-08,0.004043607,0.018015627,0.048224006
77.93179,25.626818,0.14237233,0.33445635,2.2049393e-08,0.0042971806,0.017488947,0.049730625
78.03195,25.659754,0.13895907,0.3456596,1.6224185e-08,0.004561517,0.016960757,0.05126649
78.132126,25.692696,0.13551627,0.35708255,1.18919e-08,0.004836862,0.01643296,0.052825995
78.23229,25.725634,0.13205726,0.3686907,8.5044745e-09,0.005123367,0.015907403,0.054403357
78.332466,25.758575,0.12859362,0.3804577,6.174184e-09,0.0054212897,0.015385683,0.055993993
78.43263,25.791515,0.12513629,0.39235356,4.319389e-09,0.0057307826,0.014869273,0.05759287
78.53281,25.824453,0.12169442,0.4043613,2.927186e-09,0.0060521136,0.014359395,0.059196897
78.63298,25.857395,0.11827695,0.4164602,1.8839486e-09,0.0063854707,0.013857218,0.060802493
78.73315,25.890333,0.11489192,0.42863306,1.2733774e-09,0.0067310375,0.0133637935,0.06240665
78.833305,25.92327,0.11154509,0.4408663,7.531753e-10,0.007089055,0.01287983,0.06400688
78.93348,25.956211,0.1082421,0.45314997,4.1510895e-10,0.0074597658,0.012406017,0.06560127
79.03365,25.98915,0.10498801,0.46547484,2.5316005e-10,0.007843336,0.01194297,0.06718813
79.13382,26.022089,0.10178645,0.47783148,6.251486e-11,0.008239917,0.011491076,0.06876574
79.23399,26.05503,0.09864044,0.49021465,1.2543659e-11,0.008649737,0.011050673,0.07033295
79.33417,26.08797,0.09555215,0.5026177,0.0,0.009072895,0.010621939,0.0718886
79.43433,26.12091,0.09252369,0.51503587,0.0,0.009509447,0.010205066,0.073431805
79.53449,26.153847,0.08955605,0.5274652,0.0,0.009959472,0.009800096,0.0749618
79.63467,26.186787,0.08664923,0.539899,0.0,0.010422995,0.009406916,0.076477475
79.73484,26.219727,0.08380388,0.55233455,0.0,0.010899882,0.009025522,0.07797849
79.83501,26.252665,0.08102003,0.5647647,0.0,0.011389906,0.008655813,0.07946393
79.93518,26.285606,0.07829663,0.5771794,0.0,0.011892861,0.008297554,0.080932364
80.03535,26.318544,0.07563311,0.589564,0.0,0.0124082435,0.007950558,0.082381934
80.13552,26.351486,0.073027976,0.60190725,0.0,0.012935581,0.007614528,0.0838113
80.23568,26.384422,0.070480466,0.61419,0.0,0.013474066,0.007289261,0.085218236
80.33585,26.41736,0.06798883,0.6263937,0.0,0.014022887,0.0069744256,0.086600594
80.43602,26.4503,0.06555211,0.63849086,0.0,0.014580845,0.006669793,0.08795524
80.536194,26.483242,0.06316843,0.6504539,0.0,0.015146716,0.0063750176,0.08927892
80.63637,26.516184,0.06083658,0.6622463,0.0,0.015718898,0.0060898345,0.09056754
80.736534,26.549122,0.05855533,0.67382616,0.0,0.016295534,0.0058139777,0.09181629
80.83669,26.582058,0.056322537,0.68514776,0.0,0.016874604,0.00554705,0.09301993
80.93687,26.614996,0.054137237,0.6961591,0.0,0.01745382,0.0052888296,0.094172545
81.03704,26.647938,0.051998865,0.7068005,0.0,0.018030515,0.0050391373,0.09526731
81.13721,26.680876,0.049905848,0.71700567,0.0,0.018601758,0.0047976407,0.09629673
81.23738,26.713818,0.047857817,0.726706,0.0,0.019164482,0.0045641973,0.09725295
81.337555,26.74676,0.045853395,0.7358236,0.0,0.019715225,0.0043384884,0.098127164
81.43772,26.779696,0.04389196,0.7442762,0.0,0.02025029,0.004120307,0.09891012
81.53788,26.812632,0.04197333,0.75197935,0.0,0.020765854,0.0039095124,0.09959219
81.638054,26.845572,0.040096387,0.75884414,0.0,0.021257928,0.0037058215,0.10016338
81.73823,26.878513,0.03826152,0.76477855,0.0,0.02172227,0.0035091504,0.10061339
81.838394,26.911453,0.036468055,0.76968926,0.0,0.022154577,0.003319258,0.10093183
81.93857,26.944395,0.03471681,0.77348506,0.0,0.022550615,0.0031361266,0.10110855
82.038734,26.977333,0.03300714,0.7760742,0.0,0.022906022,0.002959501,0.101133436
82.13891,27.010271,0.0313397,0.77737033,0.0,0.023216669,0.0027893279,0.100997016
82.23907,27.043207,0.029714672,0.7772905,0.0,0.023478454,0.0026254635,0.10069037
82.33924,27.076149,0.028132556,0.7757595,0.0,0.023687616,0.002467823,0.100205444
82.43941,27.109087,0.026593823,0.7727107,0.0,0.023840606,0.0023162942,0.09953528
82.53958,27.142029,0.025098933,0.76808643,0.0,0.023934307,0.0021707842,0.09867407
82.639755,27.174967,0.023648812,0.76184237,0.0,0.02396602,0.0020312453,0.09761754
82.73992,27.207907,0.022244085,0.75394744,0.0,0.023933552,0.0018975895,0.09636313
82.84009,27.240845,0.020885093,0.74438405,0.0,0.023835294,0.0017697038,0.09490978
82.940254,27.273785,0.019572679,0.7331501,0.0,0.023670215,0.0016475418,0.09325831
83.04043,27.306725,0.018307554,0.7202614,0.0,0.023437979,0.0015310352,0.09141172
83.140594,27.339664,0.01708987,0.7057512,0.0,0.02313894,0.0014200484,0.08937503
83.24077,27.372602,0.015920594,0.68966657,0.0,0.022774091,0.0013145686,0.087154895
83.34094,27.405544,0.014799919,0.6720754,0.0,0.0223452,0.0012144787,0.084760405
83.44111,27.438482,0.013727918,0.65306205,0.0,0.02185475,0.0011196545,0.082202576
83.541275,27.471422,0.012705058,0.6327245,0.0,0.021305822,0.0010300378,0.079494
83.64144,27.50436,0.011731287,0.6111745,0.0,0.020702109,0.0009455137,0.07664878
83.741615,27.537302,0.010806323,0.58854043,0.0,0.020047989,0.00086594356,0.073683
83.84178,27.57024,0.009930139,0.5649629,0.0,0.019348375,0.0007912296,0.07061416
83.941956,27.60318,0.009102186,0.5405859,0.0,0.018608458,0.000721231,0.06745996
84.04212,27.636118,0.008322233,0.51556927,0.0,0.017834038,0.0006558448,0.06424003
84.142296,27.66906,0.0075889784,0.4900685,0.0,0.017030925,0.00059486117,0.060973242
84.24246,27.701998,0.006901987,0.46425167,0.0,0.016205404,0.00053817604,0.057680037
84.34263,27.734936,0.0062601315,0.4382774,0.0,0.015363558,0.00048562264,0.054379504
84.442795,27.767876,0.0056622173,0.41231164,0.0,0.014511762,0.0004370286,0.051091608
84.54297,27.800814,0.0051066615,0.38650545,0.0,0.013655987,0.00039219536,0.04783434
84.64314,27.833755,0.0045925854,0.36101303,0.0,0.012802263,0.00035100934,0.044626117
84.74331,27.866693,0.0041180826,0.33597645,0.0,0.011956326,0.00031324872,0.041483738
84.843475,27.899633,0.0036816122,0.3115252,0.0,0.0111234365,0.0002787451,0.03842242
84.94365,27.932575,0.0032813842,0.2877761,0.0,0.010308449,0.00024730962,0.035455845
85.043816,27.965513,0.0029156152,0.26483718,0.0,0.009515896,0.00021875871,0.03259654
85.14398,27.99845,0.002582597,0.2428031,0.0,0.008749816,0.00019292362,0.029855462
85.244156,28.031391,0.0022803543,0.22174752,0.0,0.008013501,0.00016961475,0.027240926
85.34432,28.06433,0.0020069312,0.20173554,0.0,0.0073099434,0.00014864605,0.024760218
85.444496,28.097271,0.0017606552,0.1828132,0.0,0.0066413623,0.00012986896,0.02241836
85.54466,28.130209,0.0015394606,0.16501606,0.0,0.00600963,0.000113093396,0.020219065
85.64484,28.163149,0.0013414809,0.14836034,0.0,0.005415862,9.815579e-05,0.018163716
85.744995,28.196087,0.0011651284,0.132856,0.0,0.0048608975,8.4921405e-05,0.016252995
85.84517,28.229025,0.0010084574,0.11849314,0.0,0.0043448554,7.322162e-05,0.014485146
85.94534,28.261967,0.0008698696,0.10525731,0.0,0.0038676013,6.2923325e-05,0.012857956
86.04551,28.294905,0.0007476509,0.09312008,0.0,0.003428527,5.3882453e-05,0.0113674505
86.145676,28.327845,0.0006403401,0.08204674,0.0,0.0030266687,4.5981167e-05,0.010009042
86.24585,28.360786,0.00054658554,0.071993485,0.0,0.0026607362,3.911208e-05,0.008777017
86.34602,28.393724,0.00046470403,0.06290997,0.0,0.0023292073,3.3134384e-05,0.00766485
86.44618,28.42666,0.00039374907,0.05474637,0.0,0.0020304453,2.7979127e-05,0.006666234
86.54635,28.459599,0.00033241336,0.04744363,0.0,0.001762523,2.3541495e-05,0.0057736794
86.64653,28.492544,0.00027956176,0.04094224,0.0,0.0015234313,1.9732617e-05,0.004979717
86.7467,28.525482,0.00023422015,0.035183717,0.0,0.0013111918,1.6477527e-05,0.0042770053
86.84686,28.55842,0.00019549162,0.030108165,0.0,0.0011237141,1.3708098e-05,0.0036581035
86.94704,28.59136,0.00016255015,0.02565507,0.0,0.0009588984,1.136171e-05,0.0031154798
87.04721,28.624302,0.00013464103,0.021767776,0.0,0.00081474247,9.381236e-06,0.0026421205
87.14737,28.657236,0.00011109532,0.018391129,0.0,0.0006892885,7.716579e-06,0.0022312107
87.24754,28.690178,9.132328e-05,0.015471805,0.0,0.00058062957,6.3240377e-06,0.0018761767
87.34771,28.723118,7.4678646e-05,0.012958843,0.0,0.00048695607,5.1540665e-06,0.0015707215
87.44788,28.756058,6.0885755e-05,0.010808505,0.0,0.00040664742,4.1893445e-06,0.0013095178
87.54805,28.788994,4.9415772e-05,0.008975411,0.0,0.00033809067,3.3894692e-06,0.0010869598
87.648224,28.821936,4.000379e-05,0.0074210544,0.0,0.00027986674,2.7364065e-06,0.0008983482
87.74838,28.854872,3.2151707e-05,0.0061082696,0.0,0.0002306322,2.191648e-06,0.00073911797
87.84856,28.887814,2.5753065e-05,0.005005998,0.0,0.0001892287,1.7497538e-06,0.0006054942
87.94873,28.920755,2.056502e-05,0.0040849783,0.0,0.00015458213,1.3931067e-06,0.00049390126
88.0489,28.953693,1.6307788e-05,0.0033179848,0.0,0.00012570017,1.1008104e-06,0.0004010041
88.14906,28.986631,1.2880422e-05,0.0026826884,0.0,0.000101748876,8.6648026e-07,0.0003240906
88.24924,29.019571,1.0105936e-05,0.002158864,0.0,8.1977785e-05,6.7721754e-07,0.00026069823
88.34941,29.052513,7.910245e-06,0.0017304227,0.0,6.577699e-05,5.28267e-07,0.00020888295
88.44957,29.085447,6.138021e-06,0.0013795237,0.0,5.2502808e-05,4.082239e-07,0.00016645188
88.549736,29.118387,4.7504327e-06,0.0010953246,0.0,4.1732525e-05,3.1475705e-07,0.00013210821
88.64992,29.15133,3.6373171e-06,0.0008645105,0.0,3.2982607e-05,2.398753e-07,0.000104219
88.750084,29.184267,2.759288e-06,0.00067874865,0.0,2.5932484e-05,1.8100546e-07,8.178263e-05
88.85025,29.217205,2.083949e-06,0.00053026946,0.0,2.0288311e-05,1.3601155e-07,6.385956e-05
88.950424,29.250147,1.5503493e-06,0.0004119955,0.0,1.5786527e-05,1.00540035e-07,4.9589224e-05
89.0506,29.283089,1.1451757e-06,0.00031752416,0.0,1.2189371e-05,7.378053e-08,3.819235e-05
89.15076,29.316025,8.35565e-07,0.0002435727,0.0,9.366806e-06,5.3447017e-08,2.9278637e-05
89.25093,29.348967,5.980883e-07,0.00018509127,0.0,7.1327913e-06,3.793735e-08,2.2231776e-05
89.3511,29.381905,4.1959984e-07,0.00013893255,0.0,5.367824e-06,2.636337e-08,1.6671693e-05
89.45127,29.414843,2.8227433e-07,0.000102555976,0.0,3.9750544e-06,1.7499506e-08,1.2292017e-05
89.55144,29.447783,1.8960066e-07,7.504843e-05,0.0,2.9173545e-06,1.169343e-08,8.985305e-06
89.65161,29.480724,1.2146945e-07,5.3450538e-05,0.0,2.0853588e-06,7.4230235e-09,6.3907523e-06
89.75178,29.513662,7.489686e-08,3.6711295e-05,0.0,1.4385398e-06,4.5266053e-09,4.3821547e-06
89.85195,29.546604,4.346036e-08,2.3632787e-05,0.0,9.308178e-07,2.6019162e-09,2.8155223e-06
89.95212,29.57954,2.2207477e-08,1.3474282e-05,0.0,5.3392904e-07,1.2976336e-09,1.6015681e-06
90.052284,29.612478,8.573848e-09,5.761926e-06,0.0,2.2981888e-07,5.0072335e-10,6.831439e-07
90.15245,29.645416,0.0,0.0,0.0,0.0,0.0,0.0
90.252625,29.678358,0.0,0.0,0.0,0.0,0.0,0.0
90.3528,29.7113,0.0,0.0,0.0,0.0,0.0,0.0
90.452965,29.744238,0.0,0.0,0.0,0.0,0.0,0.0
90.55312,29.777174,0.0,0.0,0.0,0.0,0.0,0.0
90.653305,29.810116,0.0,0.0,0.0,0.0,0.0,0.0
90.75347,29.843056,0.0,0.0,0.0,0.0,0.0,0.0
90.85364,29.875994,0.0,0.0,0.0,0.0,0.0,0.0
90.95381,29.908936,0.0,0.0,0.0,0.0,0.0,0.0
91.053986,29.941877,0.0,0.0,0.0,0.0,0.0,0.0
91.15415,29.974812,0.0,0.0,0.0,0.0,0.0,0.0
91.254326,30.007753,0.0,0.0,0.0,0.0,0.0,0.0
91.354485,30.04069,0.0,0.0,0.0,0.0,0.0,0.0
91.45466,30.073631,0.0,0.0,0.0,0.0,0.0,0.0
91.554825,30.10657,0.0,0.0,0.0,0.0,0.0,0.0
91.655,30.139511,0.0,0.0,0.0,0.0,0.0,0.0
91.755165,30.172447,0.0,0.0,0.0,0.0,0.0,0.0
91.85534,30.205389,0.0,0.0,0.0,0.0,0.0,0.0
91.95551,30.23833,0.0,0.0,0.0,0.0,0.0,0.0
92.05567,30.271267,0.0,0.0,0.0,0.0,0.0,0.0
92.15584,30.304205,0.0,0.0,0.0,0.0,0.0,0.0
92.25601,30.337147,0.0,0.0,0.0,0.0,0.0,0.0
92.356186,30.370085,0.0,0.0,0.0,0.0,0.0,0.0
92.45635,30.403023,0.0,0.0,0.0,0.0,0.0,0.0
92.55652,30.435963,0.0,0.0,0.0,0.0,0.0,0.0
92.6567,30.468906,0.0,0.0,0.0,0.0,0.0,0.0
92.75686,30.501842,0.0,0.0,0.0,0.0,0.0,0.0
92.857025,30.53478,0.0,0.0,0.0,0.0,0.0,0.0
92.9572,30.56772,0.0,0.0,0.0,0.0,0.0,0.0
93.05737,30.600662,0.0,0.0,0.0,0.0,0.0,0.0
93.15754,30.6336,0.0,0.0,0.0,0.0,0.0,0.0
93.25771,30.666542,0.0,0.0,0.0,0.0,0.0,0.0
93.35787,30.699478,0.0,0.0,0.0,0.0,0.0,0.0
93.458046,30.73242,0.0,0.0,0.0,0.0,0.0,0.0
93.55821,30.765358,0.0,0.0,0.0,0.0,0.0,0.0
93.65839,30.798296,0.0,0.0,0.0,0.0,0.0,0.0
93.75855,30.831236,0.0,0.0,0.0,0.0,0.0,0.0
93.85873,30.864176,0.0,0.0,0.0,0.0,0.0,0.0
93.9589,30.897118,0.0,0.0,0.0,0.0,0.0,0.0
94.05906,30.930054,0.0,0.0,0.0,0.0,0.0,0.0
94.159225,30.962992,0.0,0.0,0.0,0.0,0.0,0.0
94.2594,30.995932,0.0,0.0,0.0,0.0,0.0,0.0
94.35957,31.028873,0.0,0.0,0.0,0.0,0.0,0.0
94.45974,31.061811,0.0,0.0,0.0,0.0,0.0,0.0
94.559906,31.09475,0.0,0.0,0.0,0.0,0.0,0.0
94.66008,31.127691,0.0,0.0,0.0,0.0,0.0,0.0
94.76025,31.160631,0.0,0.0,0.0,0.0,0.0,0.0
94.86041,31.193565,0.0,0.0,0.0,0.0,0.0,0.0
94.96059,31.226507,0.0,0.0,0.0,0.0,0.0,0.0
95.06075,31.259447,0.0,0.0,0.0,0.0,0.0,0.0
95.16093,31.292389,0.0,0.0,0.0,0.0,0.0,0.0
95.2611,31.325329,0.0,0.0,0.0,0.0,0.0,0.0
95.36127,31.358265,0.0,0.0,0.0,0.0,0.0,0.0
95.461426,31.391205,0.0,0.0,0.0,0.0,0.0,0.0
95.5616,31.424143,0.0,0.0,0.0,0.0,0.0,0.0
95.66177,31.457085,0.0,0.0,0.0,0.0,0.0,0.0
95.76194,31.490023,0.0,0.0,0.0,0.0,0.0,0.0
95.86211,31.52296,0.0,0.0,0.0,0.0,0.0,0.0
95.96229,31.555902,0.0,0.0,0.0,0.0,0.0,0.0
96.062454,31.588842,0.0,0.0,0.0,0.0,0.0,0.0
96.16261,31.621777,0.0,0.0,0.0,0.0,0.0,0.0
96.26279,31.654718,0.0,0.0,0.0,0.0,0.0,0.0
96.36296,31.68766,0.0,0.0,0.0,0.0,0.0,0.0
96.46313,31.7206,0.0,0.0,0.0,0.0,0.0,0.0
96.56329,31.753538,0.0,0.0,0.0,0.0,0.0,0.0
96.66347,31.786476,0.0,0.0,0.0,0.0,0.0,0.0
96.76364,31.819418,0.0,0.0,0.0,0.0,0.0,0.0
96.8638,31.852354,0.0,0.0,0.0,0.0,0.0,0.0
96.963974,31.885296,0.0,0.0,0.0,0.0,0.0,0.0
97.06414,31.918234,0.0,0.0,0.0,0.0,0.0,0.0
97.164314,31.951176,0.0,0.0,0.0,0.0,0.0,0.0
97.26449,31.984114,0.0,0.0,0.0,0.0,0.0,0.0
97.364655,32.01705,0.0,0.0,0.0,0.0,0.0,0.0
97.46481,32.049988,0.0,0.0,0.0,0.0,0.0,0.0
97.56499,32.08293,0.0,0.0,0.0,0.0,0.0,0.0
97.66516,32.11587,0.0,0.0,0.0,0.0,0.0,0.0
97.76533,32.14881,0.0,0.0,0.0,0.0,0.0,0.0
97.86549,32.181747,0.0,0.0,0.0,0.0,0.0,0.0
97.965675,32.21469,0.0,0.0,0.0,0.0,0.0,0.0
98.06584,32.24763,0.0,0.0,0.0,0.0,0.0,0.0
98.166,32.280567,0.0,0.0,0.0,0.0,0.0,0.0
98.266174,32.313507,0.0,0.0,0.0,0.0,0.0,0.0
98.36635,32.346447,0.0,0.0,0.0,0.0,0.0,0.0
98.466515,32.379383,0.0,0.0,0.0,0.0,0.0,0.0
98.56668,32.412323,0.0,0.0,0.0,0.0,0.0,0.0
98.666855,32.445263,0.0,0.0,0.0,0.0,0.0,0.0
98.76703,32.478207,0.0,0.0,0.0,0.0,0.0,0.0
98.86719,32.511143,0.0,0.0,0.0,0.0,0.0,0.0
98.96736,32.544083,0.0,0.0,0.0,0.0,0.0,0.0
99.06753,32.57702,0.0,0.0,0.0,0.0,0.0,0.0
99.1677,32.609962,0.0,0.0,0.0,0.0,0.0,0.0
99.267876,32.642902,0.0,0.0,0.0,0.0,0.0,0.0
99.36804,32.675842,0.0,0.0,0.0,0.0,0.0,0.0
99.46821,32.70878,0.0,0.0,0.0,0.0,0.0,0.0
99.568375,32.74172,0.0,0.0,0.0,0.0,0.0,0.0
99.66855,32.77466,0.0,0.0,0.0,0.0,0.0,0.0
99.768715,32.807594,0.0,0.0,0.0,0.0,0.0,0.0
99.86888,32.840534,0.0,0.0,0.0,0.0,0.0,0.0
99.96906,32.873478,0.0,0.0,0.0,0.0,0.0,0.0
100.06923,32.906418,0.0,0.0,0.0,0.0,0.0,0.0
